noise_param,AD_1arm,AD_composed,DP_1arm,DP_composed,DE_1arm,DE_composed,ER_1arm,ER_composed
0.0000,1.0000000000,1.0000000000,1.0000000000,1.0000000000,1.0000000000,1.0000000000,1.0000000000,1.0000000000
0.0010,0.9992784721,0.9985573052,0.9985565831,0.9971146118,0.9989175728,0.9978354164,0.9992784721,0.9985573052
0.0020,0.9985565831,0.9971146118,0.9971117207,0.9942292353,0.9978343328,0.9956697508,0.9985565831,0.9971146118
0.0030,0.9978343328,0.9956719214,0.9956654097,0.9913438819,0.9967502788,0.9935030032,0.9978343328,0.9956719214
0.0040,0.9971117207,0.9942292353,0.9942176474,0.9884585635,0.9956654097,0.9913351736,0.9971117207,0.9942292353
0.0050,0.9963887464,0.9927865550,0.9927684308,0.9855732919,0.9945797242,0.9891662621,0.9963887464,0.9927865550
0.0060,0.9956654097,0.9913438819,0.9913177569,0.9826880788,0.9934932211,0.9869962685,0.9956654097,0.9913438819
0.0070,0.9949417102,0.9899012176,0.9898656229,0.9798029362,0.9924058990,0.9848251930,0.9949417102,0.9899012176
0.0080,0.9942176474,0.9884585635,0.9884120257,0.9769178761,0.9913177569,0.9826530357,0.9942176474,0.9884585635
0.0090,0.9934932211,0.9870159211,0.9869569625,0.9740329106,0.9902287934,0.9804797964,0.9934932211,0.9870159211
0.0100,0.9927684308,0.9855732919,0.9855004303,0.9711480519,0.9891390074,0.9783054754,0.9927684308,0.9855732919
0.0110,0.9920432762,0.9841306772,0.9840424261,0.9682633120,0.9880483975,0.9761300725,0.9920432762,0.9841306772
0.0120,0.9913177569,0.9826880788,0.9825829469,0.9653787034,0.9869569625,0.9739535880,0.9913177569,0.9826880788
0.0130,0.9905918726,0.9812454979,0.9811219898,0.9624942383,0.9858647012,0.9717760218,0.9905918726,0.9812454979
0.0140,0.9898656229,0.9798029362,0.9796595517,0.9596099293,0.9847716124,0.9695973740,0.9898656229,0.9798029362
0.0150,0.9891390074,0.9783603951,0.9781956297,0.9567257887,0.9836776947,0.9674176446,0.9891390074,0.9783603951
0.0160,0.9884120257,0.9769178761,0.9767302207,0.9538418292,0.9825829469,0.9652368338,0.9884120257,0.9769178761
0.0170,0.9876846776,0.9754753808,0.9752633217,0.9509580635,0.9814873678,0.9630549417,0.9876846776,0.9754753808
0.0180,0.9869569625,0.9740329106,0.9737949297,0.9480745042,0.9803909561,0.9608719682,0.9869569625,0.9740329106
0.0190,0.9862288802,0.9725904671,0.9723250416,0.9451911641,0.9792937104,0.9586879135,0.9862288802,0.9725904671
0.0200,0.9855004303,0.9711480519,0.9708536543,0.9423080562,0.9781956297,0.9565027778,0.9855004303,0.9711480519
0.0210,0.9847716124,0.9697056663,0.9693807649,0.9394251933,0.9770967125,0.9543165610,0.9847716124,0.9697056663
0.0220,0.9840424261,0.9682633120,0.9679063703,0.9365425884,0.9759969576,0.9521292633,0.9840424261,0.9682633120
0.0230,0.9833128711,0.9668209905,0.9664304673,0.9336602548,0.9748963638,0.9499408848,0.9833128711,0.9668209905
0.0240,0.9825829469,0.9653787034,0.9649530529,0.9307782055,0.9737949297,0.9477514257,0.9825829469,0.9653787034
0.0250,0.9818526533,0.9639364521,0.9634741240,0.9278964537,0.9726926540,0.9455608860,0.9818526533,0.9639364521
0.0260,0.9811219898,0.9624942383,0.9619936774,0.9250150129,0.9715895355,0.9433692659,0.9811219898,0.9624942383
0.0270,0.9803909561,0.9610520635,0.9605117101,0.9221338964,0.9704855729,0.9411765655,0.9803909561,0.9610520635
0.0280,0.9796595517,0.9596099293,0.9590282189,0.9192531176,0.9693807649,0.9389827849,0.9796595517,0.9596099293
0.0290,0.9789277764,0.9581678372,0.9575432008,0.9163726902,0.9682751102,0.9367879244,0.9789277764,0.9581678372
0.0300,0.9781956297,0.9567257887,0.9560566524,0.9134926278,0.9671686075,0.9345919840,0.9781956297,0.9567257887
0.0310,0.9774631112,0.9552837856,0.9545685708,0.9106129439,0.9660612555,0.9323949639,0.9774631112,0.9552837856
0.0320,0.9767302207,0.9538418292,0.9530789526,0.9077336526,0.9649530529,0.9301968643,0.9767302207,0.9538418292
0.0330,0.9759969576,0.9523999214,0.9515877948,0.9048547675,0.9638439984,0.9279976853,0.9759969576,0.9523999214
0.0340,0.9752633217,0.9509580635,0.9500950942,0.9019763027,0.9627340906,0.9257974271,0.9752633217,0.9509580635
0.0350,0.9745293125,0.9495162572,0.9486008475,0.8990982721,0.9616233283,0.9235960899,0.9745293125,0.9495162572
0.0360,0.9737949297,0.9480745042,0.9471050516,0.8962206899,0.9605117101,0.9213936739,0.9737949297,0.9480745042
0.0370,0.9730601728,0.9466328059,0.9456077032,0.8933435702,0.9593992348,0.9191901793,0.9730601728,0.9466328059
0.0380,0.9723250416,0.9451911641,0.9441087991,0.8904669272,0.9582859009,0.9169856063,0.9723250416,0.9451911641
0.0390,0.9715895355,0.9437495803,0.9426083361,0.8875907754,0.9571717072,0.9147799550,0.9715895355,0.9437495803
0.0400,0.9708536543,0.9423080562,0.9411063109,0.8847151291,0.9560566524,0.9125732257,0.9708536543,0.9423080562
0.0410,0.9701173976,0.9408665933,0.9396027204,0.8818400028,0.9549407351,0.9103654186,0.9701173976,0.9408665933
0.0420,0.9693807649,0.9394251933,0.9380975611,0.8789654111,0.9538239539,0.9081565339,0.9693807649,0.9394251933
0.0430,0.9686437560,0.9379838578,0.9365908298,0.8760913686,0.9527063076,0.9059465719,0.9686437560,0.9379838578
0.0440,0.9679063703,0.9365425884,0.9350825233,0.8732178900,0.9515877948,0.9037355328,0.9679063703,0.9365425884
0.0450,0.9671686075,0.9351013869,0.9335726383,0.8703449903,0.9504684142,0.9015234168,0.9671686075,0.9351013869
0.0460,0.9664304673,0.9336602548,0.9320611713,0.8674726842,0.9493481643,0.8993102242,0.9664304673,0.9336602548
0.0470,0.9656919492,0.9322191937,0.9305481192,0.8646009868,0.9482270439,0.8970959552,0.9656919492,0.9322191937
0.0480,0.9649530529,0.9307782055,0.9290334786,0.8617299130,0.9471050516,0.8948806101,0.9649530529,0.9307782055
0.0490,0.9642137779,0.9293372916,0.9275172462,0.8588594781,0.9459821860,0.8926641892,0.9642137779,0.9293372916
0.0500,0.9634741240,0.9278964537,0.9259994186,0.8559896973,0.9448584458,0.8904466927,0.9634741240,0.9278964537
0.0510,0.9627340906,0.9264556936,0.9244799924,0.8531205859,0.9437338296,0.8882281209,0.9627340906,0.9264556936
0.0520,0.9619936774,0.9250150129,0.9229589642,0.8502521591,0.9426083361,0.8860084741,0.9619936774,0.9250150129
0.0530,0.9612528841,0.9235744133,0.9214363308,0.8473844327,0.9414819639,0.8837877526,0.9612528841,0.9235744133
0.0540,0.9605117101,0.9221338964,0.9199120887,0.8445174220,0.9403547115,0.8815659567,0.9605117101,0.9221338964
0.0550,0.9597701552,0.9206934639,0.9183862344,0.8416511427,0.9392265777,0.8793430868,0.9597701552,0.9206934639
0.0560,0.9590282189,0.9192531176,0.9168587647,0.8387856105,0.9380975611,0.8771191430,0.9590282189,0.9192531176
0.0570,0.9582859009,0.9178128592,0.9153296760,0.8359208413,0.9369676602,0.8748941257,0.9582859009,0.9178128592
0.0580,0.9575432008,0.9163726902,0.9137989650,0.8330568509,0.9358368737,0.8726680353,0.9575432008,0.9163726902
0.0590,0.9568001181,0.9149326125,0.9122666281,0.8301936553,0.9347052002,0.8704408721,0.9568001181,0.9149326125
0.0600,0.9560566524,0.9134926278,0.9107326619,0.8273312706,0.9335726383,0.8682126365,0.9560566524,0.9134926278
0.0610,0.9553128034,0.9120527377,0.9091970630,0.8244697129,0.9324391866,0.8659833287,0.9553128034,0.9120527377
0.0620,0.9545685708,0.9106129439,0.9076598279,0.8216089984,0.9313048437,0.8637529491,0.9545685708,0.9106129439
0.0630,0.9538239539,0.9091732483,0.9061209530,0.8187491434,0.9301696082,0.8615214982,0.9538239539,0.9091732483
0.0640,0.9530789526,0.9077336526,0.9045804349,0.8158901644,0.9290334786,0.8592889762,0.9530789526,0.9077336526
0.0650,0.9523335664,0.9062941584,0.9030382701,0.8130320777,0.9278964537,0.8570553835,0.9523335664,0.9062941584
0.0660,0.9515877948,0.9048547675,0.9014944550,0.8101749001,0.9267585320,0.8548207206,0.9515877948,0.9048547675
0.0670,0.9508416375,0.9034154817,0.8999489862,0.8073186481,0.9256197120,0.8525849877,0.9508416375,0.9034154817
0.0680,0.9500950942,0.9019763027,0.8984018600,0.8044633385,0.9244799924,0.8503481854,0.9500950942,0.9019763027
0.0690,0.9493481643,0.9005372322,0.8968530729,0.8016089882,0.9233393716,0.8481103140,0.9493481643,0.9005372322
0.0700,0.9486008475,0.8990982721,0.8953026213,0.7987556139,0.9221978484,0.8458713738,0.9486008475,0.8990982721
0.0710,0.9478531434,0.8976594241,0.8937505017,0.7959032328,0.9210554212,0.8436313655,0.9478531434,0.8976594241
0.0720,0.9471050516,0.8962206899,0.8921967105,0.7930518619,0.9199120887,0.8413902892,0.9471050516,0.8962206899
0.0730,0.9463565716,0.8947820713,0.8906412440,0.7902015185,0.9187678493,0.8391481456,0.9463565716,0.8947820713
0.0740,0.9456077032,0.8933435702,0.8890840986,0.7873522197,0.9176227017,0.8369049350,0.9456077032,0.8933435702
0.0750,0.9448584458,0.8919051882,0.8875252707,0.7845039829,0.9164766444,0.8346606579,0.9448584458,0.8919051882
0.0760,0.9441087991,0.8904669272,0.8859647568,0.7816568256,0.9153296760,0.8324153147,0.9441087991,0.8904669272
0.0770,0.9433587627,0.8890287890,0.8844025530,0.7788107654,0.9141817950,0.8301689059,0.9433587627,0.8890287890
0.0780,0.9426083361,0.8875907754,0.8828386558,0.7759658197,0.9130330000,0.8279214320,0.9426083361,0.8875907754
0.0790,0.9418575190,0.8861528882,0.8812730614,0.7731220064,0.9118832894,0.8256728934,0.9418575190,0.8861528882
0.0800,0.9411063109,0.8847151291,0.8797057663,0.7702793432,0.9107326619,0.8234232907,0.9411063109,0.8847151291
0.0810,0.9403547115,0.8832775000,0.8781367666,0.7674378480,0.9095811160,0.8211726243,0.9403547115,0.8832775000
0.0820,0.9396027204,0.8818400028,0.8765660588,0.7645975389,0.9084286502,0.8189208947,0.9396027204,0.8818400028
0.0830,0.9388503370,0.8804026392,0.8749936389,0.7617584338,0.9072752630,0.8166681024,0.9388503370,0.8804026392
0.0840,0.9380975611,0.8789654111,0.8734195034,0.7589205509,0.9061209530,0.8144142480,0.9380975611,0.8789654111
0.0850,0.9373443922,0.8775283202,0.8718436485,0.7560839085,0.9049657187,0.8121593319,0.9373443922,0.8775283202
0.0860,0.9365908298,0.8760913686,0.8702660704,0.7532485249,0.9038095586,0.8099033547,0.9365908298,0.8760913686
0.0870,0.9358368737,0.8746545579,0.8686867653,0.7504144185,0.9026524712,0.8076463170,0.9358368737,0.8746545579
0.0880,0.9350825233,0.8732178900,0.8671057295,0.7475816079,0.9014944550,0.8053882193,0.9350825233,0.8732178900
0.0890,0.9343277783,0.8717813669,0.8655229591,0.7447501117,0.9003355086,0.8031290621,0.9343277783,0.8717813669
0.0900,0.9335726383,0.8703449903,0.8639384504,0.7419199485,0.8991756305,0.8008688461,0.9335726383,0.8703449903
0.0910,0.9328171027,0.8689087621,0.8623521995,0.7390911372,0.8980148191,0.7986075717,0.9328171027,0.8689087621
0.0920,0.9320611713,0.8674726842,0.8607642026,0.7362636966,0.8968530729,0.7963452396,0.9320611713,0.8674726842
0.0930,0.9313048437,0.8660367585,0.8591744559,0.7334376457,0.8956903905,0.7940818503,0.9313048437,0.8660367585
0.0940,0.9305481192,0.8646009868,0.8575829554,0.7306130036,0.8945267703,0.7918174045,0.9305481192,0.8646009868
0.0950,0.9297909977,0.8631653710,0.8559896973,0.7277897895,0.8933622108,0.7895519027,0.9297909977,0.8631653710
0.0960,0.9290334786,0.8617299130,0.8543946778,0.7249680225,0.8921967105,0.7872853456,0.9290334786,0.8617299130
0.0970,0.9282755616,0.8602946148,0.8527978928,0.7221477221,0.8910302678,0.7850177338,0.9282755616,0.8602946148
0.0980,0.9275172462,0.8588594781,0.8511993386,0.7193289076,0.8898628814,0.7827490679,0.9275172462,0.8588594781
0.0990,0.9267585320,0.8574245050,0.8495990112,0.7165115987,0.8886945495,0.7804793485,0.9267585320,0.8574245050
0.1000,0.9259994186,0.8559896973,0.8479969066,0.7136958148,0.8875252707,0.7782085764,0.9259994186,0.8559896973
0.1010,0.9252399055,0.8545550569,0.8463930209,0.7108815758,0.8863550435,0.7759367521,0.9252399055,0.8545550569
0.1020,0.9244799924,0.8531205859,0.8447873501,0.7080689015,0.8851838663,0.7736638764,0.9244799924,0.8531205859
0.1030,0.9237196787,0.8516862859,0.8431798903,0.7052578117,0.8840117376,0.7713899498,0.9237196787,0.8516862859
0.1040,0.9229589642,0.8502521591,0.8415706374,0.7024483264,0.8828386558,0.7691149732,0.9229589642,0.8502521591
0.1050,0.9221978484,0.8488182074,0.8399595875,0.6996404657,0.8816646193,0.7668389471,0.9221978484,0.8488182074
0.1060,0.9214363308,0.8473844327,0.8383467365,0.6968342498,0.8804896267,0.7645618722,0.9214363308,0.8473844327
0.1070,0.9206744110,0.8459508369,0.8367320805,0.6940296990,0.8793136763,0.7622837494,0.9206744110,0.8459508369
0.1080,0.9199120887,0.8445174220,0.8351156153,0.6912268337,0.8781367666,0.7600045792,0.9199120887,0.8445174220
0.1090,0.9191493633,0.8430841899,0.8334973369,0.6884256742,0.8769588961,0.7577243625,0.9191493633,0.8430841899
0.1100,0.9183862344,0.8416511427,0.8318772412,0.6856262413,0.8757800631,0.7554430999,0.9183862344,0.8416511427
0.1110,0.9176227017,0.8402182822,0.8302553242,0.6828285554,0.8746002660,0.7531607923,0.9176227017,0.8402182822
0.1120,0.9168587647,0.8387856105,0.8286315817,0.6800326374,0.8734195034,0.7508774402,0.9168587647,0.8387856105
0.1130,0.9160944229,0.8373531296,0.8270060096,0.6772385081,0.8722377736,0.7485930447,0.9160944229,0.8373531296
0.1140,0.9153296760,0.8359208413,0.8253786039,0.6744461884,0.8710550751,0.7463076063,0.9153296760,0.8359208413
0.1150,0.9145645235,0.8344887478,0.8237493603,0.6716556994,0.8698714062,0.7440211258,0.9145645235,0.8344887478
0.1160,0.9137989650,0.8330568509,0.8221182747,0.6688670621,0.8686867653,0.7417336042,0.9137989650,0.8330568509
0.1170,0.9130330000,0.8316251528,0.8204853430,0.6660802979,0.8675011509,0.7394450421,0.9130330000,0.8316251528
0.1180,0.9122666281,0.8301936553,0.8188505609,0.6632954280,0.8663145614,0.7371554403,0.9122666281,0.8301936553
0.1190,0.9114998489,0.8287623606,0.8172139243,0.6605124738,0.8651269951,0.7348647998,0.9114998489,0.8287623606
0.1200,0.9107326619,0.8273312706,0.8155754289,0.6577314568,0.8639384504,0.7325731213,0.9107326619,0.8273312706
0.1210,0.9099650668,0.8259003874,0.8139350705,0.6549523987,0.8627489258,0.7302804056,0.9099650668,0.8259003874
0.1220,0.9091970630,0.8244697129,0.8122928449,0.6521753211,0.8615584196,0.7279866537,0.9091970630,0.8244697129
0.1230,0.9084286502,0.8230392492,0.8106487478,0.6494002458,0.8603669301,0.7256918663,0.9084286502,0.8230392492
0.1240,0.9076598279,0.8216089984,0.8090027749,0.6466271947,0.8591744559,0.7233960444,0.9076598279,0.8216089984
0.1250,0.9068905956,0.8201789624,0.8073549221,0.6438561898,0.8579809951,0.7210991887,0.9068905956,0.8201789624
0.1260,0.9061209530,0.8187491434,0.8057051848,0.6410872531,0.8567865463,0.7188013003,0.9061209530,0.8187491434
0.1270,0.9053508996,0.8173195434,0.8040535590,0.6383204069,0.8555911077,0.7165023799,0.9053508996,0.8173195434
0.1280,0.9045804349,0.8158901644,0.8024000401,0.6355556733,0.8543946778,0.7142024285,0.9045804349,0.8158901644
0.1290,0.9038095586,0.8144610085,0.8007446239,0.6327930749,0.8531972548,0.7119014471,0.9038095586,0.8144610085
0.1300,0.9030382701,0.8130320777,0.7990873061,0.6300326339,0.8519988371,0.7095994365,0.9030382701,0.8130320777
0.1310,0.9022665691,0.8116033743,0.7974280822,0.6272743730,0.8507994231,0.7072963976,0.9022665691,0.8116033743
0.1320,0.9014944550,0.8101749001,0.7957669478,0.6245183148,0.8495990112,0.7049923315,0.9014944550,0.8101749001
0.1330,0.9007219276,0.8087466574,0.7941038986,0.6217644822,0.8483975995,0.7026872391,0.9007219276,0.8087466574
0.1340,0.8999489862,0.8073186481,0.7924389301,0.6190128978,0.8471951866,0.7003811213,0.8999489862,0.8073186481
0.1350,0.8991756305,0.8058908745,0.7907720379,0.6162635847,0.8459917707,0.6980739792,0.8991756305,0.8058908745
0.1360,0.8984018600,0.8044633385,0.7891032175,0.6135165658,0.8447873501,0.6957658137,0.8984018600,0.8044633385
0.1370,0.8976276743,0.8030360424,0.7874324645,0.6107718644,0.8435819232,0.6934566257,0.8976276743,0.8030360424
0.1380,0.8968530729,0.8016089882,0.7857597744,0.6080295037,0.8423754882,0.6911464164,0.8968530729,0.8016089882
0.1390,0.8960780554,0.8001821780,0.7840851427,0.6052895069,0.8411680435,0.6888351868,0.8960780554,0.8001821780
0.1400,0.8953026213,0.7987556139,0.7824085649,0.6025518975,0.8399595875,0.6865229378,0.8953026213,0.7987556139
0.1410,0.8945267703,0.7973292982,0.7807300365,0.5998166990,0.8387501183,0.6842096705,0.8945267703,0.7973292982
0.1420,0.8937505017,0.7959032328,0.7790495528,0.5970839350,0.8375396344,0.6818953860,0.8937505017,0.7959032328
0.1430,0.8929738153,0.7944774200,0.7773671095,0.5943536292,0.8363281339,0.6795800854,0.8929738153,0.7944774200
0.1440,0.8921967105,0.7930518619,0.7756827017,0.5916258055,0.8351156153,0.6772637696,0.8921967105,0.7930518619
0.1450,0.8914191868,0.7916265607,0.7739963251,0.5889004877,0.8339020767,0.6749464398,0.8914191868,0.7916265607
0.1460,0.8906412440,0.7902015185,0.7723079750,0.5861776998,0.8326875164,0.6726280971,0.8906412440,0.7902015185
0.1470,0.8898628814,0.7887767374,0.7706176467,0.5834574659,0.8314719328,0.6703087426,0.8898628814,0.7887767374
0.1480,0.8890840986,0.7873522197,0.7689253356,0.5807398102,0.8302553242,0.6679883774,0.8890840986,0.7873522197
0.1490,0.8883048952,0.7859279675,0.7672310370,0.5780247570,0.8290376887,0.6656670026,0.8883048952,0.7859279675
0.1500,0.8875252707,0.7845039829,0.7655347464,0.5753123307,0.8278190246,0.6633446194,0.8875252707,0.7845039829
0.1510,0.8867452247,0.7830802683,0.7638364589,0.5726025557,0.8265993303,0.6610212289,0.8867452247,0.7830802683
0.1520,0.8859647568,0.7816568256,0.7621361699,0.5698954565,0.8253786039,0.6586968323,0.8859647568,0.7816568256
0.1530,0.8851838663,0.7802336573,0.7604338747,0.5671910580,0.8241568437,0.6563714307,0.8851838663,0.7802336573
0.1540,0.8844025530,0.7788107654,0.7587295685,0.5644893847,0.8229340480,0.6540450254,0.8844025530,0.7788107654
0.1550,0.8836208163,0.7773881521,0.7570232465,0.5617904617,0.8217102150,0.6517176176,0.8836208163,0.7773881521
0.1560,0.8828386558,0.7759658197,0.7553149040,0.5590943137,0.8204853430,0.6493892083,0.8828386558,0.7759658197
0.1570,0.8820560710,0.7745437704,0.7536045363,0.5564009659,0.8192594301,0.6470597990,0.8820560710,0.7745437704
0.1580,0.8812730614,0.7731220064,0.7518921384,0.5537104435,0.8180324747,0.6447293908,0.8812730614,0.7731220064
0.1590,0.8804896267,0.7717005299,0.7501777056,0.5510227716,0.8168044748,0.6423979848,0.8804896267,0.7717005299
0.1600,0.8797057663,0.7702793432,0.7484612330,0.5483379755,0.8155754289,0.6400655825,0.8797057663,0.7702793432
0.1610,0.8789214797,0.7688584485,0.7467427158,0.5456560808,0.8143453350,0.6377321851,0.8789214797,0.7688584485
0.1620,0.8781367666,0.7674378480,0.7450221490,0.5429771128,0.8131141913,0.6353977938,0.8781367666,0.7674378480
0.1630,0.8773516264,0.7660175441,0.7432995279,0.5403010973,0.8118819962,0.6330624099,0.8773516264,0.7660175441
0.1640,0.8765660588,0.7645975389,0.7415748474,0.5376280600,0.8106487478,0.6307260348,0.8765660588,0.7645975389
0.1650,0.8757800631,0.7631778347,0.7398481027,0.5349580266,0.8094144442,0.6283886697,0.8757800631,0.7631778347
0.1660,0.8749936389,0.7617584338,0.7381192888,0.5322910230,0.8081790838,0.6260503160,0.8749936389,0.7617584338
0.1670,0.8742067859,0.7603393384,0.7363884007,0.5296270753,0.8069426646,0.6237109750,0.8742067859,0.7603393384
0.1680,0.8734195034,0.7589205509,0.7346554335,0.5269662094,0.8057051848,0.6213706480,0.8734195034,0.7589205509
0.1690,0.8726317911,0.7575020735,0.7329203821,0.5243084517,0.8044666427,0.6190293365,0.8726317911,0.7575020735
0.1700,0.8718436485,0.7560839085,0.7311832416,0.5216538283,0.8032270364,0.6166870418,0.8718436485,0.7560839085
0.1710,0.8710550751,0.7546660582,0.7294440068,0.5190023656,0.8019863641,0.6143437653,0.8710550751,0.7546660582
0.1720,0.8702660704,0.7532485249,0.7277026728,0.5163540901,0.8007446239,0.6119995084,0.8702660704,0.7532485249
0.1730,0.8694766340,0.7518313109,0.7259592345,0.5137090283,0.7995018141,0.6096542725,0.8694766340,0.7518313109
0.1740,0.8686867653,0.7504144185,0.7242136868,0.5110672069,0.7982579326,0.6073080591,0.8686867653,0.7504144185
0.1750,0.8678964640,0.7489978501,0.7224660245,0.5084286525,0.7970129778,0.6049608695,0.8678964640,0.7489978501
0.1760,0.8671057295,0.7475816079,0.7207162425,0.5057933921,0.7957669478,0.6026127053,0.8671057295,0.7475816079
0.1770,0.8663145614,0.7461656943,0.7189643358,0.5031614525,0.7945198406,0.6002635678,0.8663145614,0.7461656943
0.1780,0.8655229591,0.7447501117,0.7172102990,0.5005328608,0.7932716545,0.5979134586,0.8655229591,0.7447501117
0.1790,0.8647309223,0.7433348623,0.7154541271,0.4979076440,0.7920223875,0.5955623792,0.8647309223,0.7433348623
0.1800,0.8639384504,0.7419199485,0.7136958148,0.4952858294,0.7907720379,0.5932103310,0.8639384504,0.7419199485
0.1810,0.8631455430,0.7405053727,0.7119353570,0.4926674441,0.7895206036,0.5908573157,0.8631455430,0.7405053727
0.1820,0.8623521995,0.7390911372,0.7101727483,0.4900525157,0.7882680829,0.5885033346,0.8623521995,0.7390911372
0.1830,0.8615584196,0.7376772443,0.7084079835,0.4874410715,0.7870144738,0.5861483894,0.8615584196,0.7376772443
0.1840,0.8607642026,0.7362636966,0.7066410573,0.4848331391,0.7857597744,0.5837924816,0.8607642026,0.7362636966
0.1850,0.8599695482,0.7348504962,0.7048719645,0.4822287461,0.7845039829,0.5814356128,0.8599695482,0.7348504962
0.1860,0.8591744559,0.7334376457,0.7031006996,0.4796279203,0.7832470974,0.5790777846,0.8591744559,0.7334376457
0.1870,0.8583789251,0.7320251474,0.7013272574,0.4770306895,0.7819891159,0.5767189985,0.8583789251,0.7320251474
0.1880,0.8575829554,0.7306130036,0.6995516325,0.4744370816,0.7807300365,0.5743592563,0.8575829554,0.7306130036
0.1890,0.8567865463,0.7292012169,0.6977738196,0.4718471246,0.7794698573,0.5719985594,0.8567865463,0.7292012169
0.1900,0.8559896973,0.7277897895,0.6959938131,0.4692608466,0.7782085764,0.5696369096,0.8559896973,0.7277897895
0.1910,0.8551924080,0.7263787239,0.6942116078,0.4666782758,0.7769461919,0.5672743084,0.8551924080,0.7263787239
0.1920,0.8543946778,0.7249680225,0.6924271981,0.4640994403,0.7756827017,0.5649107576,0.8543946778,0.7249680225
0.1930,0.8535965062,0.7235576878,0.6906405786,0.4615243686,0.7744181041,0.5625462589,0.8535965062,0.7235576878
0.1940,0.8527978928,0.7221477221,0.6888517439,0.4589530891,0.7731523970,0.5601808139,0.8527978928,0.7221477221
0.1950,0.8519988371,0.7207381279,0.6870606883,0.4563856304,0.7718855785,0.5578144244,0.8519988371,0.7207381279
0.1960,0.8511993386,0.7193289076,0.6852674065,0.4538220209,0.7706176467,0.5554470920,0.8511993386,0.7193289076
0.1970,0.8503993968,0.7179200637,0.6834718929,0.4512622895,0.7693485995,0.5530788185,0.8503993968,0.7179200637
0.1980,0.8495990112,0.7165115987,0.6816741418,0.4487064649,0.7680784350,0.5507096057,0.8495990112,0.7165115987
0.1990,0.8487981812,0.7151035149,0.6798741477,0.4461545759,0.7668071513,0.5483394553,0.8487981812,0.7151035149
0.2000,0.8479969066,0.7136958148,0.6780719051,0.4436066515,0.7655347464,0.5459683691,0.8479969066,0.7136958148
0.2010,0.8471951866,0.7122885010,0.6762674083,0.4410627207,0.7642612182,0.5435963489,0.8471951866,0.7122885010
0.2020,0.8463930209,0.7108815758,0.6744606516,0.4385228127,0.7629865649,0.5412233965,0.8463930209,0.7108815758
0.2030,0.8455904088,0.7094750418,0.6726516293,0.4359869566,0.7617107844,0.5388495138,0.8455904088,0.7094750418
0.2040,0.8447873501,0.7080689015,0.6708403359,0.4334551817,0.7604338747,0.5364747025,0.8447873501,0.7080689015
0.2050,0.8439838440,0.7066631572,0.6690267655,0.4309275174,0.7591558338,0.5340989646,0.8439838440,0.7066631572
0.2060,0.8431798903,0.7052578117,0.6672109125,0.4284039931,0.7578766597,0.5317223018,0.8431798903,0.7052578117
0.2070,0.8423754882,0.7038528672,0.6653927710,0.4258846384,0.7565963505,0.5293447161,0.8423754882,0.7038528672
0.2080,0.8415706374,0.7024483264,0.6635723354,0.4233694828,0.7553149040,0.5269662094,0.8415706374,0.7024483264
0.2090,0.8407653373,0.7010441917,0.6617495998,0.4208585560,0.7540323184,0.5245867836,0.8407653373,0.7010441917
0.2100,0.8399595875,0.6996404657,0.6599245584,0.4183518878,0.7527485914,0.5222064406,0.8399595875,0.6996404657
0.2110,0.8391533874,0.6982371509,0.6580972054,0.4158495080,0.7514637212,0.5198251824,0.8391533874,0.6982371509
0.2120,0.8383467365,0.6968342498,0.6562675348,0.4133514466,0.7501777056,0.5174430109,0.8383467365,0.6968342498
0.2130,0.8375396344,0.6954317650,0.6544355408,0.4108577336,0.7488905426,0.5150599281,0.8375396344,0.6954317650
0.2140,0.8367320805,0.6940296990,0.6526012176,0.4083683990,0.7476022303,0.5126759361,0.8367320805,0.6940296990
0.2150,0.8359240743,0.6926280544,0.6507645591,0.4058834729,0.7463127664,0.5102910367,0.8359240743,0.6926280544
0.2160,0.8351156153,0.6912268337,0.6489255595,0.4034029857,0.7450221490,0.5079052320,0.8351156153,0.6912268337
0.2170,0.8343067030,0.6898260394,0.6470842126,0.4009269676,0.7437303760,0.5055185241,0.8343067030,0.6898260394
0.2180,0.8334973369,0.6884256742,0.6452405126,0.3984554490,0.7424374454,0.5031309150,0.8334973369,0.6884256742
0.2190,0.8326875164,0.6870257406,0.6433944535,0.3959884604,0.7411433550,0.5007424068,0.8326875164,0.6870257406
0.2200,0.8318772412,0.6856262413,0.6415460291,0.3935260322,0.7398481027,0.4983530016,0.8318772412,0.6856262413
0.2210,0.8310665106,0.6842271786,0.6396952334,0.3910681952,0.7385516865,0.4959627015,0.8310665106,0.6842271786
0.2220,0.8302553242,0.6828285554,0.6378420603,0.3886149799,0.7372541043,0.4935715085,0.8302553242,0.6828285554
0.2230,0.8294436814,0.6814303741,0.6359865037,0.3861664171,0.7359553540,0.4911794249,0.8294436814,0.6814303741
0.2240,0.8286315817,0.6800326374,0.6341285575,0.3837225377,0.7346554335,0.4887864528,0.8286315817,0.6800326374
0.2250,0.8278190246,0.6786353478,0.6322682155,0.3812833725,0.7333543406,0.4863925943,0.8278190246,0.6786353478
0.2260,0.8270060096,0.6772385081,0.6304054715,0.3788489525,0.7320520733,0.4839978516,0.8270060096,0.6772385081
0.2270,0.8261925362,0.6758421207,0.6285403193,0.3764193087,0.7307486294,0.4816022270,0.8261925362,0.6758421207
0.2280,0.8253786039,0.6744461884,0.6266727526,0.3739944723,0.7294440068,0.4792057226,0.8253786039,0.6744461884
0.2290,0.8245642121,0.6730507137,0.6248027653,0.3715744743,0.7281382034,0.4768083407,0.8245642121,0.6730507137
0.2300,0.8237493603,0.6716556994,0.6229303509,0.3691593461,0.7268312170,0.4744100836,0.8237493603,0.6716556994
0.2310,0.8229340480,0.6702611479,0.6210555033,0.3667491189,0.7255230455,0.4720109534,0.8229340480,0.6702611479
0.2320,0.8221182747,0.6688670621,0.6191782161,0.3643438241,0.7242136868,0.4696109526,0.8221182747,0.6688670621
0.2330,0.8213020399,0.6674734446,0.6172984828,0.3619434931,0.7229031386,0.4672100833,0.8213020399,0.6674734446
0.2340,0.8204853430,0.6660802979,0.6154162973,0.3595481575,0.7215913988,0.4648083480,0.8204853430,0.6660802979
0.2350,0.8196681835,0.6646876248,0.6135316529,0.3571578487,0.7202784652,0.4624057489,0.8196681835,0.6646876248
0.2360,0.8188505609,0.6632954280,0.6116445434,0.3547725985,0.7189643358,0.4600022884,0.8188505609,0.6632954280
0.2370,0.8180324747,0.6619037101,0.6097549622,0.3523924385,0.7176490082,0.4575979688,0.8180324747,0.6619037101
0.2380,0.8172139243,0.6605124738,0.6078629028,0.3500174005,0.7163324803,0.4551927927,0.8172139243,0.6605124738
0.2390,0.8163949092,0.6591217218,0.6059683588,0.3476475162,0.7150147499,0.4527867623,0.8163949092,0.6591217218
0.2400,0.8155754289,0.6577314568,0.6040713237,0.3452828176,0.7136958148,0.4503798801,0.8155754289,0.6577314568
0.2410,0.8147554828,0.6563416816,0.6021717908,0.3429233366,0.7123756729,0.4479721485,0.8147554828,0.6563416816
0.2420,0.8139350705,0.6549523987,0.6002697535,0.3405691051,0.7110543218,0.4455635700,0.8139350705,0.6549523987
0.2430,0.8131141913,0.6535636110,0.5983652053,0.3382201552,0.7097317594,0.4431541471,0.8131141913,0.6535636110
0.2440,0.8122928449,0.6521753211,0.5964581396,0.3358765191,0.7084079835,0.4407438823,0.8122928449,0.6521753211
0.2450,0.8114710305,0.6507875318,0.5945485496,0.3335382288,0.7070829918,0.4383327780,0.8114710305,0.6507875318
0.2460,0.8106487478,0.6494002458,0.5926364286,0.3312053166,0.7057567820,0.4359208369,0.8106487478,0.6494002458
0.2470,0.8098259961,0.6480134658,0.5907217700,0.3288778148,0.7044293521,0.4335080614,0.8098259961,0.6480134658
0.2480,0.8090027749,0.6466271947,0.5888045670,0.3265557556,0.7031006996,0.4310944541,0.8090027749,0.6466271947
0.2490,0.8081790838,0.6452414351,0.5868848129,0.3242391715,0.7017708224,0.4286800177,0.8081790838,0.6452414351
0.2500,0.8073549221,0.6438561898,0.5849625007,0.3219280949,0.7004397181,0.4262647547,0.8073549221,0.6438561898
0.2510,0.8065302893,0.6424714615,0.5830376238,0.3196225582,0.6991073846,0.4238486677,0.8065302893,0.6424714615
0.2520,0.8057051848,0.6410872531,0.5811101752,0.3173225940,0.6977738196,0.4214317595,0.8057051848,0.6410872531
0.2530,0.8048796083,0.6397035673,0.5791801481,0.3150282349,0.6964390207,0.4190140326,0.8048796083,0.6397035673
0.2540,0.8040535590,0.6383204069,0.5772475356,0.3127395134,0.6951029856,0.4165954897,0.8040535590,0.6383204069
0.2550,0.8032270364,0.6369377746,0.5753123307,0.3104564623,0.6937657122,0.4141761336,0.8032270364,0.6369377746
0.2560,0.8024000401,0.6355556733,0.5733745264,0.3081791142,0.6924271981,0.4117559669,0.8024000401,0.6355556733
0.2570,0.8015725695,0.6341741058,0.5714341159,0.3059075020,0.6910874410,0.4093349924,0.8015725695,0.6341741058
0.2580,0.8007446239,0.6327930749,0.5694910920,0.3036416584,0.6897464385,0.4069132129,0.8007446239,0.6327930749
0.2590,0.7999162030,0.6314125833,0.5675454476,0.3013816162,0.6884041884,0.4044906311,0.7999162030,0.6314125833
0.2600,0.7990873061,0.6300326339,0.5655971759,0.2991274084,0.6870606883,0.4020672498,0.7990873061,0.6300326339
0.2610,0.7982579326,0.6286532295,0.5636462695,0.2968790679,0.6857159360,0.3996430719,0.7982579326,0.6286532295
0.2620,0.7974280822,0.6272743730,0.5616927214,0.2946366276,0.6843699290,0.3972181001,0.7974280822,0.6272743730
0.2630,0.7965977540,0.6258960672,0.5597365244,0.2924001206,0.6830226651,0.3947923374,0.7965977540,0.6258960672
0.2640,0.7957669478,0.6245183148,0.5577776714,0.2901695799,0.6816741418,0.3923657866,0.7957669478,0.6245183148
0.2650,0.7949356628,0.6231411189,0.5558161551,0.2879450386,0.6803243568,0.3899384506,0.7949356628,0.6231411189
0.2660,0.7941038986,0.6217644822,0.5538519682,0.2857265298,0.6789733079,0.3875103323,0.7941038986,0.6217644822
0.2670,0.7932716545,0.6203884075,0.5518851035,0.2835140867,0.6776209925,0.3850814347,0.7932716545,0.6203884075
0.2680,0.7924389301,0.6190128978,0.5499155536,0.2813077424,0.6762674083,0.3826517606,0.7924389301,0.6190128978
0.2690,0.7916057247,0.6176379559,0.5479433113,0.2791075302,0.6749125529,0.3802213132,0.7916057247,0.6176379559
0.2700,0.7907720379,0.6162635847,0.5459683691,0.2769134832,0.6735564240,0.3777900953,0.7907720379,0.6162635847
0.2710,0.7899378690,0.6148897870,0.5439907197,0.2747256349,0.6721990191,0.3753581101,0.7899378690,0.6148897870
0.2720,0.7891032175,0.6135165658,0.5420103555,0.2725440185,0.6708403359,0.3729253605,0.7891032175,0.6135165658
0.2730,0.7882680829,0.6121439240,0.5400272693,0.2703686673,0.6694803719,0.3704918495,0.7882680829,0.6121439240
0.2740,0.7874324645,0.6107718644,0.5380414533,0.2681996146,0.6681191247,0.3680575804,0.7874324645,0.6107718644
0.2750,0.7865963619,0.6094003900,0.5360529002,0.2660368940,0.6667565919,0.3656225561,0.7865963619,0.6094003900
0.2760,0.7857597744,0.6080295037,0.5340616024,0.2638805387,0.6653927710,0.3631867798,0.7857597744,0.6080295037
0.2770,0.7849227016,0.6066592083,0.5320675523,0.2617305823,0.6640276597,0.3607502547,0.7849227016,0.6066592083
0.2780,0.7840851427,0.6052895069,0.5300707422,0.2595870582,0.6626612555,0.3583129839,0.7840851427,0.6052895069
0.2790,0.7832470974,0.6039204023,0.5280711646,0.2574499998,0.6612935559,0.3558749705,0.7832470974,0.6039204023
0.2800,0.7824085649,0.6025518975,0.5260688117,0.2553194407,0.6599245584,0.3534362179,0.7824085649,0.6025518975
0.2810,0.7815695448,0.6011839954,0.5240636758,0.2531954144,0.6585542607,0.3509967291,0.7815695448,0.6011839954
0.2820,0.7807300365,0.5998166990,0.5220557492,0.2510779543,0.6571826601,0.3485565076,0.7807300365,0.5998166990
0.2830,0.7798900393,0.5984500112,0.5200450240,0.2489670941,0.6558097544,0.3461155564,0.7798900393,0.5984500112
0.2840,0.7790495528,0.5970839350,0.5180314926,0.2468628674,0.6544355408,0.3436738791,0.7790495528,0.5970839350
0.2850,0.7782085764,0.5957184734,0.5160151470,0.2447653076,0.6530600171,0.3412314787,0.7782085764,0.5957184734
0.2860,0.7773671095,0.5943536292,0.5139959794,0.2426744484,0.6516831806,0.3387883588,0.7773671095,0.5943536292
0.2870,0.7765251514,0.5929894056,0.5119739818,0.2405903233,0.6503050289,0.3363445226,0.7765251514,0.5929894056
0.2880,0.7756827017,0.5916258055,0.5099491463,0.2385129661,0.6489255595,0.3338999735,0.7756827017,0.5916258055
0.2890,0.7748397598,0.5902628319,0.5079214650,0.2364424102,0.6475447697,0.3314547149,0.7748397598,0.5902628319
0.2900,0.7739963251,0.5889004877,0.5058909297,0.2343786893,0.6461626572,0.3290087503,0.7739963251,0.5889004877
0.2910,0.7731523970,0.5875387760,0.5038575326,0.2323218371,0.6447792193,0.3265620831,0.7731523970,0.5875387760
0.2920,0.7723079750,0.5861776998,0.5018212654,0.2302718872,0.6433944535,0.3241147168,0.7723079750,0.5861776998
0.2930,0.7714630584,0.5848172621,0.4997821201,0.2282288732,0.6420083573,0.3216666549,0.7714630584,0.5848172621
0.2940,0.7706176467,0.5834574659,0.4977400886,0.2261928287,0.6406209280,0.3192179008,0.7706176467,0.5834574659
0.2950,0.7697717392,0.5820983143,0.4956951626,0.2241637873,0.6392321632,0.3167684582,0.7697717392,0.5820983143
0.2960,0.7689253356,0.5807398102,0.4936473340,0.2221417828,0.6378420603,0.3143183305,0.7689253356,0.5807398102
0.2970,0.7680784350,0.5793819568,0.4915965944,0.2201268487,0.6364506167,0.3118675214,0.7680784350,0.5793819568
0.2980,0.7672310370,0.5780247570,0.4895429356,0.2181190187,0.6350578297,0.3094160345,0.7672310370,0.5780247570
0.2990,0.7663831410,0.5766682140,0.4874863493,0.2161183264,0.6336636969,0.3069638734,0.7663831410,0.5766682140
0.3000,0.7655347464,0.5753123307,0.4854268272,0.2141248054,0.6322682155,0.3045110418,0.7655347464,0.5753123307
0.3010,0.7646858525,0.5739571102,0.4833643607,0.2121384892,0.6308713830,0.3020575433,0.7646858525,0.5739571102
0.3020,0.7638364589,0.5726025557,0.4812989415,0.2101594116,0.6294731968,0.2996033817,0.7638364589,0.5726025557
0.3030,0.7629865649,0.5712486701,0.4792305612,0.2081876060,0.6280736542,0.2971485607,0.7629865649,0.5712486701
0.3040,0.7621361699,0.5698954565,0.4771592112,0.2062231060,0.6266727526,0.2946930840,0.7621361699,0.5698954565
0.3050,0.7612852734,0.5685429181,0.4750848829,0.2042659453,0.6252704894,0.2922369554,0.7612852734,0.5685429181
0.3060,0.7604338747,0.5671910580,0.4730075679,0.2023161573,0.6238668619,0.2897801787,0.7604338747,0.5671910580
0.3070,0.7595819732,0.5658398791,0.4709272575,0.2003737755,0.6224618674,0.2873227577,0.7595819732,0.5658398791
0.3080,0.7587295685,0.5644893847,0.4688439430,0.1984388336,0.6210555033,0.2848646963,0.7587295685,0.5644893847
0.3090,0.7578766597,0.5631395779,0.4667576157,0.1965113648,0.6196477669,0.2824059984,0.7578766597,0.5631395779
0.3100,0.7570232465,0.5617904617,0.4646682670,0.1945914028,0.6182386556,0.2799466678,0.7570232465,0.5617904617
0.3110,0.7561693281,0.5604420392,0.4625758880,0.1926789809,0.6168281666,0.2774867085,0.7561693281,0.5604420392
0.3120,0.7553149040,0.5590943137,0.4604804700,0.1907741325,0.6154162973,0.2750261243,0.7553149040,0.5590943137
0.3130,0.7544599736,0.5577472882,0.4583820042,0.1888768911,0.6140030449,0.2725649194,0.7544599736,0.5577472882
0.3140,0.7536045363,0.5564009659,0.4562804815,0.1869872900,0.6125884067,0.2701030976,0.7536045363,0.5564009659
0.3150,0.7527485914,0.5550553500,0.4541758932,0.1851053625,0.6111723800,0.2676406631,0.7527485914,0.5550553500
0.3160,0.7518921384,0.5537104435,0.4520682302,0.1832311420,0.6097549622,0.2651776197,0.7518921384,0.5537104435
0.3170,0.7510351767,0.5523662496,0.4499574836,0.1813646616,0.6083361503,0.2627139717,0.7510351767,0.5523662496
0.3180,0.7501777056,0.5510227716,0.4478436444,0.1795059547,0.6069159418,0.2602497231,0.7501777056,0.5510227716
0.3190,0.7493197246,0.5496800125,0.4457267033,0.1776550543,0.6054943339,0.2577848781,0.7493197246,0.5496800125
0.3200,0.7484612330,0.5483379755,0.4436066515,0.1758119937,0.6040713237,0.2553194407,0.7484612330,0.5483379755
0.3210,0.7476022303,0.5469966639,0.4414834796,0.1739768060,0.6026469085,0.2528534152,0.7476022303,0.5469966639
0.3220,0.7467427158,0.5456560808,0.4393571785,0.1721495243,0.6012210856,0.2503868057,0.7467427158,0.5456560808
0.3230,0.7458826889,0.5443162294,0.4372277389,0.1703301815,0.5997938521,0.2479196166,0.7458826889,0.5443162294
0.3240,0.7450221490,0.5429771128,0.4350951516,0.1685188108,0.5983652053,0.2454518519,0.7450221490,0.5429771128
0.3250,0.7441610956,0.5416387344,0.4329594073,0.1667154450,0.5969351424,0.2429835161,0.7441610956,0.5416387344
0.3260,0.7432995279,0.5403010973,0.4308204965,0.1649201170,0.5955036605,0.2405146134,0.7432995279,0.5403010973
0.3270,0.7424374454,0.5389642048,0.4286784099,0.1631328597,0.5940707569,0.2380451482,0.7424374454,0.5389642048
0.3280,0.7415748474,0.5376280600,0.4265331381,0.1613537058,0.5926364286,0.2355751247,0.7415748474,0.5376280600
0.3290,0.7407117334,0.5362926662,0.4243846715,0.1595826882,0.5912006729,0.2331045475,0.7407117334,0.5362926662
0.3300,0.7398481027,0.5349580266,0.4222330007,0.1578198395,0.5897634870,0.2306334208,0.7398481027,0.5349580266
0.3310,0.7389839547,0.5336241444,0.4200781160,0.1560651923,0.5883248679,0.2281617492,0.7389839547,0.5336241444
0.3320,0.7381192888,0.5322910230,0.4179200078,0.1543187793,0.5868848129,0.2256895371,0.7381192888,0.5322910230
0.3330,0.7372541043,0.5309586655,0.4157586665,0.1525806329,0.5854433189,0.2232167890,0.7372541043,0.5309586655
0.3340,0.7363884007,0.5296270753,0.4135940824,0.1508507857,0.5840003833,0.2207435095,0.7363884007,0.5296270753
0.3350,0.7355221773,0.5282962555,0.4114262457,0.1491292699,0.5825560030,0.2182697030,0.7355221773,0.5282962555
0.3360,0.7346554335,0.5269662094,0.4092551467,0.1474161180,0.5811101752,0.2157953741,0.7346554335,0.5269662094
0.3370,0.7337881686,0.5256369404,0.4070807755,0.1457113622,0.5796628970,0.2133205275,0.7337881686,0.5256369404
0.3380,0.7329203821,0.5243084517,0.4049031221,0.1440150347,0.5782141655,0.2108451677,0.7329203821,0.5243084517
0.3390,0.7320520733,0.5229807465,0.4027221768,0.1423271677,0.5767639777,0.2083692995,0.7320520733,0.5229807465
0.3400,0.7311832416,0.5216538283,0.4005379296,0.1406477932,0.5753123307,0.2058929275,0.7311832416,0.5216538283
0.3410,0.7303138863,0.5203277002,0.3983503703,0.1389769431,0.5738592216,0.2034160564,0.7303138863,0.5203277002
0.3420,0.7294440068,0.5190023656,0.3961594891,0.1373146495,0.5724046474,0.2009386911,0.7294440068,0.5190023656
0.3430,0.7285736026,0.5176778278,0.3939652757,0.1356609441,0.5709486052,0.1984608361,0.7285736026,0.5176778278
0.3440,0.7277026728,0.5163540901,0.3917677200,0.1340158587,0.5694910920,0.1959824964,0.7277026728,0.5163540901
0.3450,0.7268312170,0.5150311558,0.3895668118,0.1323794251,0.5680321048,0.1935036768,0.7268312170,0.5150311558
0.3460,0.7259592345,0.5137090283,0.3873625408,0.1307516747,0.5665716406,0.1910243821,0.7259592345,0.5137090283
0.3470,0.7250867246,0.5123877109,0.3851548969,0.1291326391,0.5651096965,0.1885446172,0.7250867246,0.5123877109
0.3480,0.7242136868,0.5110672069,0.3829438696,0.1275223497,0.5636462695,0.1860643871,0.7242136868,0.5110672069
0.3490,0.7233401203,0.5097475196,0.3807294485,0.1259208379,0.5621813565,0.1835836966,0.7233401203,0.5097475196
0.3500,0.7224660245,0.5084286525,0.3785116233,0.1243281350,0.5607149545,0.1811025508,0.7224660245,0.5084286525
0.3510,0.7215913988,0.5071106089,0.3762903833,0.1227442721,0.5592470605,0.1786209546,0.7215913988,0.5071106089
0.3520,0.7207162425,0.5057933921,0.3740657182,0.1211692802,0.5577776714,0.1761389131,0.7207162425,0.5057933921
0.3530,0.7198405551,0.5044770055,0.3718376173,0.1196031904,0.5563067842,0.1736564313,0.7198405551,0.5044770055
0.3540,0.7189643358,0.5031614525,0.3696060700,0.1180460336,0.5548343959,0.1711735144,0.7189643358,0.5031614525
0.3550,0.7180875840,0.5018467365,0.3673710656,0.1164978405,0.5533605033,0.1686901674,0.7180875840,0.5018467365
0.3560,0.7172102990,0.5005328608,0.3651325935,0.1149586418,0.5518851035,0.1662063955,0.7172102990,0.5005328608
0.3570,0.7163324803,0.4992198289,0.3628906427,0.1134284682,0.5504081932,0.1637222039,0.7163324803,0.4992198289
0.3580,0.7154541271,0.4979076440,0.3606452025,0.1119073500,0.5489297695,0.1612375978,0.7154541271,0.4979076440
0.3590,0.7145752389,0.4965963097,0.3583962620,0.1103953177,0.5474498291,0.1587525824,0.7145752389,0.4965963097
0.3600,0.7136958148,0.4952858294,0.3561438102,0.1088924016,0.5459683691,0.1562671631,0.7136958148,0.4952858294
0.3610,0.7128158544,0.4939762064,0.3538878363,0.1073986319,0.5444853862,0.1537813450,0.7128158544,0.4939762064
0.3620,0.7119353570,0.4926674441,0.3516283291,0.1059140385,0.5430008774,0.1512951336,0.7119353570,0.4926674441
0.3630,0.7110543218,0.4913595461,0.3493652776,0.1044386514,0.5415148395,0.1488085342,0.7110543218,0.4913595461
0.3640,0.7101727483,0.4900525157,0.3470986706,0.1029725005,0.5400272693,0.1463215522,0.7101727483,0.4900525157
0.3650,0.7092906357,0.4887463563,0.3448284970,0.1015156155,0.5385381636,0.1438341930,0.7092906357,0.4887463563
0.3660,0.7084079835,0.4874410715,0.3425547455,0.1000680260,0.5370475194,0.1413464621,0.7084079835,0.4874410715
0.3670,0.7075247909,0.4861366646,0.3402774048,0.0986297614,0.5355553334,0.1388583650,0.7075247909,0.4861366646
0.3680,0.7066410573,0.4848331391,0.3379964635,0.0972008512,0.5340616024,0.1363699071,0.7066410573,0.4848331391
0.3690,0.7057567820,0.4835304984,0.3357119103,0.0957813246,0.5325663233,0.1338810941,0.7057567820,0.4835304984
0.3700,0.7048719645,0.4822287461,0.3334237337,0.0943712106,0.5310694927,0.1313919315,0.7048719645,0.4822287461
0.3710,0.7039866039,0.4809278856,0.3311319222,0.0929705383,0.5295711076,0.1289024250,0.7039866039,0.4809278856
0.3720,0.7031006996,0.4796279203,0.3288364642,0.0915793366,0.5280711646,0.1264125802,0.7031006996,0.4796279203
0.3730,0.7022142510,0.4783288538,0.3265373481,0.0901976341,0.5265696605,0.1239224027,0.7022142510,0.4783288538
0.3740,0.7013272574,0.4770306895,0.3242345623,0.0888254595,0.5250665921,0.1214318983,0.7013272574,0.4770306895
0.3750,0.7004397181,0.4757334310,0.3219280949,0.0874628413,0.5235619561,0.1189410727,0.7004397181,0.4757334310
0.3760,0.6995516325,0.4744370816,0.3196179342,0.0861098077,0.5220557492,0.1164499317,0.6995516325,0.4744370816
0.3770,0.6986629999,0.4731416450,0.3173040684,0.0847663870,0.5205479681,0.1139584812,0.6986629999,0.4731416450
0.3780,0.6977738196,0.4718471246,0.3149864855,0.0834326072,0.5190386096,0.1114667268,0.6977738196,0.4718471246
0.3790,0.6968840909,0.4705535240,0.3126651736,0.0821084963,0.5175276703,0.1089746746,0.6968840909,0.4705535240
0.3800,0.6959938131,0.4692608466,0.3103401206,0.0807940820,0.5160151470,0.1064823305,0.6959938131,0.4692608466
0.3810,0.6951029856,0.4679690960,0.3080113146,0.0794893919,0.5145010363,0.1039897003,0.6951029856,0.4679690960
0.3820,0.6942116078,0.4666782758,0.3056787432,0.0781944536,0.5129853348,0.1014967900,0.6942116078,0.4666782758
0.3830,0.6933196788,0.4653883893,0.3033423945,0.0769092944,0.5114680393,0.0990036057,0.6933196788,0.4653883893
0.3840,0.6924271981,0.4640994403,0.3010022560,0.0756339414,0.5099491463,0.0965101534,0.6924271981,0.4640994403
0.3850,0.6915341649,0.4628114322,0.2986583156,0.0743684218,0.5084286525,0.0940164391,0.6915341649,0.4628114322
0.3860,0.6906405786,0.4615243686,0.2963105607,0.0731127623,0.5069065546,0.0915224691,0.6906405786,0.4615243686
0.3870,0.6897464385,0.4602382531,0.2939589790,0.0718669898,0.5053828491,0.0890282493,0.6897464385,0.4602382531
0.3880,0.6888517439,0.4589530891,0.2916035580,0.0706311308,0.5038575326,0.0865337860,0.6888517439,0.4589530891
0.3890,0.6879564940,0.4576688804,0.2892442852,0.0694052117,0.5023306017,0.0840390855,0.6879564940,0.4576688804
0.3900,0.6870606883,0.4563856304,0.2868811478,0.0681892588,0.5008020531,0.0815441538,0.6870606883,0.4563856304
0.3910,0.6861643261,0.4551033427,0.2845141332,0.0669832981,0.4992718832,0.0790489974,0.6861643261,0.4551033427
0.3920,0.6852674065,0.4538220209,0.2821432288,0.0657873557,0.4977400886,0.0765536226,0.6852674065,0.4538220209
0.3930,0.6843699290,0.4525416687,0.2797684216,0.0646014572,0.4962066659,0.0740580356,0.6843699290,0.4525416687
0.3940,0.6834718929,0.4512622895,0.2773896988,0.0634256283,0.4946716116,0.0715622429,0.6834718929,0.4512622895
0.3950,0.6825732973,0.4499838870,0.2750070475,0.0622598945,0.4931349223,0.0690662509,0.6825732973,0.4499838870
0.3960,0.6816741418,0.4487064649,0.2726204547,0.0611042809,0.4915965944,0.0665700661,0.6816741418,0.4487064649
0.3970,0.6807744255,0.4474300266,0.2702299072,0.0599588126,0.4900566245,0.0640736948,0.6807744255,0.4474300266
0.3980,0.6798741477,0.4461545759,0.2678353921,0.0588235147,0.4885150090,0.0615771438,0.6798741477,0.4461545759
0.3990,0.6789733079,0.4448801163,0.2654368960,0.0576984117,0.4869717444,0.0590804194,0.6789733079,0.4448801163
0.4000,0.6780719051,0.4436066515,0.2630344058,0.0565835284,0.4854268272,0.0565835284,0.6780719051,0.4436066515
0.4010,0.6771699388,0.4423341851,0.2606279081,0.0554788890,0.4838802538,0.0540864773,0.6771699388,0.4423341851
0.4020,0.6762674083,0.4410627207,0.2582173895,0.0543845178,0.4823320207,0.0515892728,0.6762674083,0.4410627207
0.4030,0.6753643127,0.4397922620,0.2558028366,0.0533004388,0.4807821244,0.0490919216,0.6753643127,0.4397922620
0.4040,0.6744606516,0.4385228127,0.2533842358,0.0522266758,0.4792305612,0.0465944304,0.6744606516,0.4385228127
0.4050,0.6735564240,0.4372543763,0.2509615735,0.0511632526,0.4776773276,0.0440968061,0.6735564240,0.4372543763
0.4060,0.6726516293,0.4359869566,0.2485348361,0.0501101925,0.4761224199,0.0415990554,0.6726516293,0.4359869566
0.4070,0.6717462669,0.4347205572,0.2461040099,0.0490675189,0.4745658345,0.0391011852,0.6717462669,0.4347205572
0.4080,0.6708403359,0.4334551817,0.2436690810,0.0480352548,0.4730075679,0.0366032024,0.6708403359,0.4334551817
0.4090,0.6699338357,0.4321908339,0.2412300355,0.0470134231,0.4714476164,0.0341051139,0.6699338357,0.4321908339
0.4100,0.6690267655,0.4309275174,0.2387868596,0.0460020465,0.4698859763,0.0316069266,0.6690267655,0.4309275174
0.4110,0.6681191247,0.4296652359,0.2363395392,0.0450011477,0.4683226439,0.0291086475,0.6681191247,0.4296652359
0.4120,0.6672109125,0.4284039931,0.2338880602,0.0440107487,0.4667576157,0.0266102838,0.6672109125,0.4284039931
0.4130,0.6663021282,0.4271437927,0.2314324084,0.0430308719,0.4651908879,0.0241118424,0.6663021282,0.4271437927
0.4140,0.6653927710,0.4258846384,0.2289725698,0.0420615390,0.4636224569,0.0216133304,0.6653927710,0.4258846384
0.4150,0.6644828404,0.4246265338,0.2265085298,0.0411027718,0.4620523188,0.0191147551,0.6644828404,0.4246265338
0.4160,0.6635723354,0.4233694828,0.2240402742,0.0401545919,0.4604804700,0.0166161235,0.6635723354,0.4233694828
0.4170,0.6626612555,0.4221134889,0.2215677885,0.0392170204,0.4589069069,0.0141174430,0.6626612555,0.4221134889
0.4180,0.6617495998,0.4208585560,0.2190910582,0.0382900786,0.4573316255,0.0116187207,0.6617495998,0.4208585560
0.4190,0.6608373677,0.4196046877,0.2166100687,0.0373737872,0.4557546222,0.0091199639,0.6608373677,0.4196046877
0.4200,0.6599245584,0.4183518878,0.2141248054,0.0364681671,0.4541758932,0.0066211801,0.6599245584,0.4183518878
0.4210,0.6590111712,0.4171001600,0.2116352533,0.0355732386,0.4525954347,0.0041223766,0.6590111712,0.4171001600
0.4220,0.6580972054,0.4158495080,0.2091413978,0.0346890220,0.4510132429,0.0016235607,0.6580972054,0.4158495080
0.4230,0.6571826601,0.4145999357,0.2066432240,0.0338155374,0.4494293141,0.0000000000,0.6571826601,0.4145999357
0.4240,0.6562675348,0.4133514466,0.2041407168,0.0329528046,0.4478436444,0.0000000000,0.6562675348,0.4133514466
0.4250,0.6553518286,0.4121040447,0.2016338612,0.0321008432,0.4462562299,0.0000000000,0.6553518286,0.4121040447
0.4260,0.6544355408,0.4108577336,0.1991226420,0.0312596726,0.4446670668,0.0000000000,0.6544355408,0.4108577336
0.4270,0.6535186708,0.4096125171,0.1966070441,0.0304293120,0.4430761514,0.0000000000,0.6535186708,0.4096125171
0.4280,0.6526012176,0.4083683990,0.1940870521,0.0296097803,0.4414834796,0.0000000000,0.6526012176,0.4083683990
0.4290,0.6516831806,0.4071253830,0.1915626507,0.0288010963,0.4398890476,0.0000000000,0.6516831806,0.4071253830
0.4300,0.6507645591,0.4058834729,0.1890338244,0.0280032785,0.4382928516,0.0000000000,0.6507645591,0.4058834729
0.4310,0.6498453523,0.4046426726,0.1865005576,0.0272163451,0.4366948876,0.0000000000,0.6498453523,0.4046426726
0.4320,0.6489255595,0.4034029857,0.1839628348,0.0264403143,0.4350951516,0.0000000000,0.6489255595,0.4034029857
0.4330,0.6480051798,0.4021644161,0.1814206403,0.0256752039,0.4334936398,0.0000000000,0.6480051798,0.4021644161
0.4340,0.6470842126,0.4009269676,0.1788739582,0.0249210314,0.4318903483,0.0000000000,0.6470842126,0.4009269676
0.4350,0.6461626572,0.3996906440,0.1763227726,0.0241778143,0.4302852730,0.0000000000,0.6461626572,0.3996906440
0.4360,0.6452405126,0.3984554490,0.1737670677,0.0234455697,0.4286784099,0.0000000000,0.6452405126,0.3984554490
0.4370,0.6443177783,0.3972213865,0.1712068274,0.0227243144,0.4270697552,0.0000000000,0.6443177783,0.3972213865
0.4380,0.6433944535,0.3959884604,0.1686420356,0.0220140652,0.4254593048,0.0000000000,0.6433944535,0.3959884604
0.4390,0.6424705373,0.3947566743,0.1660726759,0.0213148386,0.4238470546,0.0000000000,0.6424705373,0.3947566743
0.4400,0.6415460291,0.3935260322,0.1634987323,0.0206266506,0.4222330007,0.0000000000,0.6415460291,0.3935260322
0.4410,0.6406209280,0.3922965379,0.1609201882,0.0199495173,0.4206171390,0.0000000000,0.6406209280,0.3922965379
0.4420,0.6396952334,0.3910681952,0.1583370272,0.0192834544,0.4189994654,0.0000000000,0.6396952334,0.3910681952
0.4430,0.6387689444,0.3898410079,0.1557492327,0.0186284774,0.4173799760,0.0000000000,0.6387689444,0.3898410079
0.4440,0.6378420603,0.3886149799,0.1531567881,0.0179846015,0.4157586665,0.0000000000,0.6378420603,0.3886149799
0.4450,0.6369145804,0.3873901150,0.1505596766,0.0173518418,0.4141355330,0.0000000000,0.6369145804,0.3873901150
0.4460,0.6359865037,0.3861664171,0.1479578814,0.0167302129,0.4125105712,0.0000000000,0.6359865037,0.3861664171
0.4470,0.6350578297,0.3849438901,0.1453513856,0.0161197295,0.4108837772,0.0000000000,0.6350578297,0.3849438901
0.4480,0.6341285575,0.3837225377,0.1427401721,0.0155204057,0.4092551467,0.0000000000,0.6341285575,0.3837225377
0.4490,0.6331986864,0.3825023639,0.1401242239,0.0149322556,0.4076246756,0.0000000000,0.6331986864,0.3825023639
0.4500,0.6322682155,0.3812833725,0.1375035237,0.0143552930,0.4059923597,0.0000000000,0.6322682155,0.3812833725
0.4510,0.6313371441,0.3800655674,0.1348780543,0.0137895313,0.4043581948,0.0000000000,0.6313371441,0.3800655674
0.4520,0.6304054715,0.3788489525,0.1322477983,0.0132349839,0.4027221768,0.0000000000,0.6304054715,0.3788489525
0.4530,0.6294731968,0.3776335316,0.1296127381,0.0126916638,0.4010843015,0.0000000000,0.6294731968,0.3776335316
0.4540,0.6285403193,0.3764193087,0.1269728563,0.0121595838,0.3994445646,0.0000000000,0.6285403193,0.3764193087
0.4550,0.6276068381,0.3752062876,0.1243281350,0.0116387562,0.3978029619,0.0000000000,0.6276068381,0.3752062876
0.4560,0.6266727526,0.3739944723,0.1216785566,0.0111291936,0.3961594891,0.0000000000,0.6266727526,0.3739944723
0.4570,0.6257380619,0.3727838665,0.1190241031,0.0106309077,0.3945141420,0.0000000000,0.6257380619,0.3727838665
0.4580,0.6248027653,0.3715744743,0.1163647567,0.0101439104,0.3928669162,0.0000000000,0.6248027653,0.3715744743
0.4590,0.6238668619,0.3703662995,0.1137004992,0.0096682132,0.3912178076,0.0000000000,0.6238668619,0.3703662995
0.4600,0.6229303509,0.3691593461,0.1110313124,0.0092038273,0.3895668118,0.0000000000,0.6229303509,0.3691593461
0.4610,0.6219932317,0.3679536179,0.1083571781,0.0087507637,0.3879139244,0.0000000000,0.6219932317,0.3679536179
0.4620,0.6210555033,0.3667491189,0.1056780779,0.0083090331,0.3862591411,0.0000000000,0.6210555033,0.3667491189
0.4630,0.6201171650,0.3655458529,0.1029939933,0.0078786459,0.3846024577,0.0000000000,0.6201171650,0.3655458529
0.4640,0.6191782161,0.3643438241,0.1003049058,0.0074596124,0.3829438696,0.0000000000,0.6191782161,0.3643438241
0.4650,0.6182386556,0.3631430361,0.0976107966,0.0070519425,0.3812833725,0.0000000000,0.6182386556,0.3631430361
0.4660,0.6172984828,0.3619434931,0.0949116470,0.0066556458,0.3796209621,0.0000000000,0.6172984828,0.3619434931
0.4670,0.6163576970,0.3607451989,0.0922074381,0.0062707318,0.3779566338,0.0000000000,0.6163576970,0.3607451989
0.4680,0.6154162973,0.3595481575,0.0894981508,0.0058972096,0.3762903833,0.0000000000,0.6154162973,0.3595481575
0.4690,0.6144742828,0.3583523728,0.0867837661,0.0055350881,0.3746222062,0.0000000000,0.6144742828,0.3583523728
0.4700,0.6135316529,0.3571578487,0.0840642648,0.0051843759,0.3729520979,0.0000000000,0.6135316529,0.3571578487
0.4710,0.6125884067,0.3559645893,0.0813396275,0.0048450813,0.3712800540,0.0000000000,0.6125884067,0.3559645893
0.4720,0.6116445434,0.3547725985,0.0786098347,0.0045172124,0.3696060700,0.0000000000,0.6116445434,0.3547725985
0.4730,0.6107000621,0.3535818802,0.0758748670,0.0042007770,0.3679301414,0.0000000000,0.6107000621,0.3535818802
0.4740,0.6097549622,0.3523924385,0.0731347046,0.0038957827,0.3662522637,0.0000000000,0.6097549622,0.3523924385
0.4750,0.6088092427,0.3512042773,0.0703893279,0.0036022367,0.3645724323,0.0000000000,0.6088092427,0.3512042773
0.4760,0.6078629028,0.3500174005,0.0676387169,0.0033201460,0.3628906427,0.0000000000,0.6078629028,0.3500174005
0.4770,0.6069159418,0.3488318121,0.0648828516,0.0030495175,0.3612068902,0.0000000000,0.6069159418,0.3488318121
0.4780,0.6059683588,0.3476475162,0.0621217119,0.0027903574,0.3595211704,0.0000000000,0.6059683588,0.3476475162
0.4790,0.6050201531,0.3464645167,0.0593552776,0.0025426721,0.3578334786,0.0000000000,0.6050201531,0.3464645167
0.4800,0.6040713237,0.3452828176,0.0565835284,0.0023064674,0.3561438102,0.0000000000,0.6040713237,0.3452828176
0.4810,0.6031218698,0.3441024229,0.0538064437,0.0020817490,0.3544521606,0.0000000000,0.6031218698,0.3441024229
0.4820,0.6021717908,0.3429233366,0.0510240030,0.0018685222,0.3527585250,0.0000000000,0.6021717908,0.3429233366
0.4830,0.6012210856,0.3417455626,0.0482361857,0.0016667922,0.3510628989,0.0000000000,0.6012210856,0.3417455626
0.4840,0.6002697535,0.3405691051,0.0454429708,0.0014765639,0.3493652776,0.0000000000,0.6002697535,0.3405691051
0.4850,0.5993177937,0.3393939679,0.0426443374,0.0012978416,0.3476656563,0.0000000000,0.5993177937,0.3393939679
0.4860,0.5983652053,0.3382201552,0.0398402645,0.0011306298,0.3459640303,0.0000000000,0.5983652053,0.3382201552
0.4870,0.5974119876,0.3370476709,0.0370307309,0.0009749324,0.3442603950,0.0000000000,0.5974119876,0.3370476709
0.4880,0.5964581396,0.3358765191,0.0342157153,0.0008307531,0.3425547455,0.0000000000,0.5964581396,0.3358765191
0.4890,0.5955036605,0.3347067037,0.0313951963,0.0006980955,0.3408470771,0.0000000000,0.5955036605,0.3347067037
0.4900,0.5945485496,0.3335382288,0.0285691522,0.0005769626,0.3391373849,0.0000000000,0.5945485496,0.3335382288
0.4910,0.5935928059,0.3323710984,0.0257375614,0.0004673575,0.3374256643,0.0000000000,0.5935928059,0.3323710984
0.4920,0.5926364286,0.3312053166,0.0229004021,0.0003692827,0.3357119103,0.0000000000,0.5926364286,0.3312053166
0.4930,0.5916794169,0.3300408874,0.0200576523,0.0002827405,0.3339961182,0.0000000000,0.5916794169,0.3300408874
0.4940,0.5907217700,0.3288778148,0.0172092900,0.0002077331,0.3322782831,0.0000000000,0.5907217700,0.3288778148
0.4950,0.5897634870,0.3277161028,0.0143552930,0.0001442623,0.3305584000,0.0000000000,0.5897634870,0.3277161028
0.4960,0.5888045670,0.3265557556,0.0114956388,0.0000923295,0.3288364642,0.0000000000,0.5888045670,0.3265557556
0.4970,0.5878450093,0.3253967772,0.0086303051,0.0000519361,0.3271124707,0.0000000000,0.5878450093,0.3253967772
0.4980,0.5868848129,0.3242391715,0.0057592693,0.0000230829,0.3253864147,0.0000000000,0.5868848129,0.3242391715
0.4990,0.5859239770,0.3230829427,0.0028825085,0.0000057708,0.3236582910,0.0000000000,0.5859239770,0.3230829427
0.5000,0.5849625007,0.3219280949,0.0000000000,0.0000000000,0.3219280949,0.0000000000,0.5849625007,0.3219280949
0.5010,0.5840003833,0.3207746320,0.0028825085,0.0000057708,0.3201958213,0.0000000000,0.5840003833,0.3207746320
0.5020,0.5830376238,0.3196225582,0.0057592693,0.0000230829,0.3184614652,0.0000000000,0.5830376238,0.3196225582
0.5030,0.5820742214,0.3184718775,0.0086303051,0.0000519361,0.3167250216,0.0000000000,0.5820742214,0.3184718775
0.5040,0.5811101752,0.3173225940,0.0114956388,0.0000923295,0.3149864855,0.0000000000,0.5811101752,0.3173225940
0.5050,0.5801454844,0.3161747118,0.0143552930,0.0001442623,0.3132458518,0.0000000000,0.5801454844,0.3161747118
0.5060,0.5791801481,0.3150282349,0.0172092900,0.0002077331,0.3115031155,0.0000000000,0.5791801481,0.3150282349
0.5070,0.5782141655,0.3138831674,0.0200576523,0.0002827405,0.3097582714,0.0000000000,0.5782141655,0.3138831674
0.5080,0.5772475356,0.3127395134,0.0229004021,0.0003692827,0.3080113146,0.0000000000,0.5772475356,0.3127395134
0.5090,0.5762802576,0.3115972770,0.0257375614,0.0004673575,0.3062622397,0.0000000000,0.5762802576,0.3115972770
0.5100,0.5753123307,0.3104564623,0.0285691522,0.0005769626,0.3045110418,0.0000000000,0.5753123307,0.3104564623
0.5110,0.5743437539,0.3093170733,0.0313951963,0.0006980955,0.3027577156,0.0000000000,0.5743437539,0.3093170733
0.5120,0.5733745264,0.3081791142,0.0342157153,0.0008307531,0.3010022560,0.0000000000,0.5733745264,0.3081791142
0.5130,0.5724046474,0.3070425891,0.0370307309,0.0009749324,0.2992446578,0.0000000000,0.5724046474,0.3070425891
0.5140,0.5714341159,0.3059075020,0.0398402645,0.0011306298,0.2974849157,0.0000000000,0.5714341159,0.3059075020
0.5150,0.5704629310,0.3047738570,0.0426443374,0.0012978416,0.2957230245,0.0000000000,0.5704629310,0.3047738570
0.5160,0.5694910920,0.3036416584,0.0454429708,0.0014765639,0.2939589790,0.0000000000,0.5694910920,0.3036416584
0.5170,0.5685185978,0.3025109101,0.0482361857,0.0016667922,0.2921927739,0.0000000000,0.5685185978,0.3025109101
0.5180,0.5675454476,0.3013816162,0.0510240030,0.0018685222,0.2904244039,0.0000000000,0.5675454476,0.3013816162
0.5190,0.5665716406,0.3002537810,0.0538064437,0.0020817490,0.2886538636,0.0000000000,0.5665716406,0.3002537810
0.5200,0.5655971759,0.2991274084,0.0565835284,0.0023064674,0.2868811478,0.0000000000,0.5655971759,0.2991274084
0.5210,0.5646220524,0.2980025027,0.0593552776,0.0025426721,0.2851062511,0.0000000000,0.5646220524,0.2980025027
0.5220,0.5636462695,0.2968790679,0.0621217119,0.0027903574,0.2833291681,0.0000000000,0.5636462695,0.2968790679
0.5230,0.5626698261,0.2957571082,0.0648828516,0.0030495175,0.2815498934,0.0000000000,0.5626698261,0.2957571082
0.5240,0.5616927214,0.2946366276,0.0676387169,0.0033201460,0.2797684216,0.0000000000,0.5616927214,0.2946366276
0.5250,0.5607149545,0.2935176304,0.0703893279,0.0036022367,0.2779847473,0.0000000000,0.5607149545,0.2935176304
0.5260,0.5597365244,0.2924001206,0.0731347046,0.0038957827,0.2761988650,0.0000000000,0.5597365244,0.2924001206
0.5270,0.5587574304,0.2912841024,0.0758748670,0.0042007770,0.2744107693,0.0000000000,0.5587574304,0.2912841024
0.5280,0.5577776714,0.2901695799,0.0786098347,0.0045172124,0.2726204547,0.0000000000,0.5577776714,0.2901695799
0.5290,0.5567972466,0.2890565573,0.0813396275,0.0048450813,0.2708279156,0.0000000000,0.5567972466,0.2890565573
0.5300,0.5558161551,0.2879450386,0.0840642648,0.0051843759,0.2690331465,0.0000000000,0.5558161551,0.2879450386
0.5310,0.5548343959,0.2868350281,0.0867837661,0.0055350881,0.2672361418,0.0000000000,0.5548343959,0.2868350281
0.5320,0.5538519682,0.2857265298,0.0894981508,0.0058972096,0.2654368960,0.0000000000,0.5538519682,0.2857265298
0.5330,0.5528688710,0.2846195480,0.0922074381,0.0062707318,0.2636354036,0.0000000000,0.5528688710,0.2846195480
0.5340,0.5518851035,0.2835140867,0.0949116470,0.0066556458,0.2618316588,0.0000000000,0.5518851035,0.2835140867
0.5350,0.5509006646,0.2824101501,0.0976107966,0.0070519425,0.2600256560,0.0000000000,0.5509006646,0.2824101501
0.5360,0.5499155536,0.2813077424,0.1003049058,0.0074596124,0.2582173895,0.0000000000,0.5499155536,0.2813077424
0.5370,0.5489297695,0.2802068677,0.1029939933,0.0078786459,0.2564068538,0.0000000000,0.5489297695,0.2802068677
0.5380,0.5479433113,0.2791075302,0.1056780779,0.0083090331,0.2545940430,0.0000000000,0.5479433113,0.2791075302
0.5390,0.5469561781,0.2780097340,0.1083571781,0.0087507637,0.2527789515,0.0000000000,0.5469561781,0.2780097340
0.5400,0.5459683691,0.2769134832,0.1110313124,0.0092038273,0.2509615735,0.0000000000,0.5459683691,0.2769134832
0.5410,0.5449798833,0.2758187822,0.1137004992,0.0096682132,0.2491419033,0.0000000000,0.5449798833,0.2758187822
0.5420,0.5439907197,0.2747256349,0.1163647567,0.0101439104,0.2473199350,0.0000000000,0.5439907197,0.2747256349
0.5430,0.5430008774,0.2736340456,0.1190241031,0.0106309077,0.2454956628,0.0000000000,0.5430008774,0.2736340456
0.5440,0.5420103555,0.2725440185,0.1216785566,0.0111291936,0.2436690810,0.0000000000,0.5420103555,0.2725440185
0.5450,0.5410191531,0.2714555576,0.1243281350,0.0116387562,0.2418401836,0.0000000000,0.5410191531,0.2714555576
0.5460,0.5400272693,0.2703686673,0.1269728563,0.0121595838,0.2400089647,0.0000000000,0.5400272693,0.2703686673
0.5470,0.5390347030,0.2692833515,0.1296127381,0.0126916638,0.2381754186,0.0000000000,0.5390347030,0.2692833515
0.5480,0.5380414533,0.2681996146,0.1322477983,0.0132349839,0.2363395392,0.0000000000,0.5380414533,0.2681996146
0.5490,0.5370475194,0.2671174607,0.1348780543,0.0137895313,0.2345013206,0.0000000000,0.5370475194,0.2671174607
0.5500,0.5360529002,0.2660368940,0.1375035237,0.0143552930,0.2326607568,0.0000000000,0.5360529002,0.2660368940
0.5510,0.5350575949,0.2649579186,0.1401242239,0.0149322556,0.2308178419,0.0000000000,0.5350575949,0.2649579186
0.5520,0.5340616024,0.2638805387,0.1427401721,0.0155204057,0.2289725698,0.0000000000,0.5340616024,0.2638805387
0.5530,0.5330649219,0.2628047586,0.1453513856,0.0161197295,0.2271249344,0.0000000000,0.5330649219,0.2628047586
0.5540,0.5320675523,0.2617305823,0.1479578814,0.0167302129,0.2252749299,0.0000000000,0.5320675523,0.2617305823
0.5550,0.5310694927,0.2606580141,0.1505596766,0.0173518418,0.2234225499,0.0000000000,0.5310694927,0.2606580141
0.5560,0.5300707422,0.2595870582,0.1531567881,0.0179846015,0.2215677885,0.0000000000,0.5300707422,0.2595870582
0.5570,0.5290712998,0.2585177187,0.1557492327,0.0186284774,0.2197106395,0.0000000000,0.5290712998,0.2585177187
0.5580,0.5280711646,0.2574499998,0.1583370272,0.0192834544,0.2178510968,0.0000000000,0.5280711646,0.2574499998
0.5590,0.5270703355,0.2563839058,0.1609201882,0.0199495173,0.2159891541,0.0000000000,0.5270703355,0.2563839058
0.5600,0.5260688117,0.2553194407,0.1634987323,0.0206266506,0.2141248054,0.0000000000,0.5260688117,0.2553194407
0.5610,0.5250665921,0.2542566088,0.1660726759,0.0213148386,0.2122580442,0.0000000000,0.5250665921,0.2542566088
0.5620,0.5240636758,0.2531954144,0.1686420356,0.0220140652,0.2103888644,0.0000000000,0.5240636758,0.2531954144
0.5630,0.5230600618,0.2521358615,0.1712068274,0.0227243144,0.2085172598,0.0000000000,0.5230600618,0.2521358615
0.5640,0.5220557492,0.2510779543,0.1737670677,0.0234455697,0.2066432240,0.0000000000,0.5220557492,0.2510779543
0.5650,0.5210507369,0.2500216971,0.1763227726,0.0241778143,0.2047667507,0.0000000000,0.5210507369,0.2500216971
0.5660,0.5200450240,0.2489670941,0.1788739582,0.0249210314,0.2028878335,0.0000000000,0.5200450240,0.2489670941
0.5670,0.5190386096,0.2479141495,0.1814206403,0.0256752039,0.2010064661,0.0000000000,0.5190386096,0.2479141495
0.5680,0.5180314926,0.2468628674,0.1839628348,0.0264403143,0.1991226420,0.0000000000,0.5180314926,0.2468628674
0.5690,0.5170236721,0.2458132520,0.1865005576,0.0272163451,0.1972363549,0.0000000000,0.5170236721,0.2458132520
0.5700,0.5160151470,0.2447653076,0.1890338244,0.0280032785,0.1953475983,0.0000000000,0.5160151470,0.2447653076
0.5710,0.5150059164,0.2437190383,0.1915626507,0.0288010963,0.1934563657,0.0000000000,0.5150059164,0.2437190383
0.5720,0.5139959794,0.2426744484,0.1940870521,0.0296097803,0.1915626507,0.0000000000,0.5139959794,0.2426744484
0.5730,0.5129853348,0.2416315420,0.1966070441,0.0304293120,0.1896664467,0.0000000000,0.5129853348,0.2416315420
0.5740,0.5119739818,0.2405903233,0.1991226420,0.0312596726,0.1877677470,0.0000000000,0.5119739818,0.2405903233
0.5750,0.5109619193,0.2395507966,0.2016338612,0.0321008432,0.1858665453,0.0000000000,0.5109619193,0.2395507966
0.5760,0.5099491463,0.2385129661,0.2041407168,0.0329528046,0.1839628348,0.0000000000,0.5099491463,0.2385129661
0.5770,0.5089356619,0.2374768358,0.2066432240,0.0338155374,0.1820566090,0.0000000000,0.5089356619,0.2374768358
0.5780,0.5079214650,0.2364424102,0.2091413978,0.0346890220,0.1801478612,0.0000000000,0.5079214650,0.2364424102
0.5790,0.5069065546,0.2354096933,0.2116352533,0.0355732386,0.1782365846,0.0000000000,0.5069065546,0.2354096933
0.5800,0.5058909297,0.2343786893,0.2141248054,0.0364681671,0.1763227726,0.0000000000,0.5058909297,0.2343786893
0.5810,0.5048745894,0.2333494026,0.2166100687,0.0373737872,0.1744064185,0.0000000000,0.5048745894,0.2333494026
0.5820,0.5038575326,0.2323218371,0.2190910582,0.0382900786,0.1724875155,0.0000000000,0.5038575326,0.2323218371
0.5830,0.5028397583,0.2312959973,0.2215677885,0.0392170204,0.1705660568,0.0000000000,0.5028397583,0.2312959973
0.5840,0.5018212654,0.2302718872,0.2240402742,0.0401545919,0.1686420356,0.0000000000,0.5018212654,0.2302718872
0.5850,0.5008020531,0.2292495111,0.2265085298,0.0411027718,0.1667154450,0.0000000000,0.5008020531,0.2292495111
0.5860,0.4997821201,0.2282288732,0.2289725698,0.0420615390,0.1647862781,0.0000000000,0.4997821201,0.2282288732
0.5870,0.4987614657,0.2272099776,0.2314324084,0.0430308719,0.1628545282,0.0000000000,0.4987614657,0.2272099776
0.5880,0.4977400886,0.2261928287,0.2338880602,0.0440107487,0.1609201882,0.0000000000,0.4977400886,0.2261928287
0.5890,0.4967179879,0.2251774305,0.2363395392,0.0450011477,0.1589832512,0.0000000000,0.4967179879,0.2251774305
0.5900,0.4956951626,0.2241637873,0.2387868596,0.0460020465,0.1570437101,0.0000000000,0.4956951626,0.2241637873
0.5910,0.4946716116,0.2231519034,0.2412300355,0.0470134231,0.1551015581,0.0000000000,0.4946716116,0.2231519034
0.5920,0.4936473340,0.2221417828,0.2436690810,0.0480352548,0.1531567881,0.0000000000,0.4936473340,0.2221417828
0.5930,0.4926223286,0.2211334299,0.2461040099,0.0490675189,0.1512093929,0.0000000000,0.4926223286,0.2211334299
0.5940,0.4915965944,0.2201268487,0.2485348361,0.0501101925,0.1492593655,0.0000000000,0.4915965944,0.2201268487
0.5950,0.4905701304,0.2191220436,0.2509615735,0.0511632526,0.1473066988,0.0000000000,0.4905701304,0.2191220436
0.5960,0.4895429356,0.2181190187,0.2533842358,0.0522266758,0.1453513856,0.0000000000,0.4895429356,0.2181190187
0.5970,0.4885150090,0.2171177783,0.2558028366,0.0533004388,0.1433934187,0.0000000000,0.4885150090,0.2171177783
0.5980,0.4874863493,0.2161183264,0.2582173895,0.0543845178,0.1414327909,0.0000000000,0.4874863493,0.2161183264
0.5990,0.4864569558,0.2151206674,0.2606279081,0.0554788890,0.1394694950,0.0000000000,0.4864569558,0.2151206674
0.6000,0.4854268272,0.2141248054,0.2630344058,0.0565835284,0.1375035237,0.0000000000,0.4854268272,0.2141248054
0.6010,0.4843959625,0.2131307446,0.2654368960,0.0576984117,0.1355348698,0.0000000000,0.4843959625,0.2131307446
0.6020,0.4833643607,0.2121384892,0.2678353921,0.0588235147,0.1335635257,0.0000000000,0.4833643607,0.2121384892
0.6030,0.4823320207,0.2111480435,0.2702299072,0.0599588126,0.1315894843,0.0000000000,0.4823320207,0.2111480435
0.6040,0.4812989415,0.2101594116,0.2726204547,0.0611042809,0.1296127381,0.0000000000,0.4812989415,0.2101594116
0.6050,0.4802651221,0.2091725977,0.2750070475,0.0622598945,0.1276332797,0.0000000000,0.4802651221,0.2091725977
0.6060,0.4792305612,0.2081876060,0.2773896988,0.0634256283,0.1256511017,0.0000000000,0.4792305612,0.2081876060
0.6070,0.4781952579,0.2072044407,0.2797684216,0.0646014572,0.1236661965,0.0000000000,0.4781952579,0.2072044407
0.6080,0.4771592112,0.2062231060,0.2821432288,0.0657873557,0.1216785566,0.0000000000,0.4771592112,0.2062231060
0.6090,0.4761224199,0.2052436062,0.2845141332,0.0669832981,0.1196881745,0.0000000000,0.4761224199,0.2052436062
0.6100,0.4750848829,0.2042659453,0.2868811478,0.0681892588,0.1176950427,0.0000000000,0.4750848829,0.2042659453
0.6110,0.4740465993,0.2032901276,0.2892442852,0.0694052117,0.1156991534,0.0000000000,0.4740465993,0.2032901276
0.6120,0.4730075679,0.2023161573,0.2916035580,0.0706311308,0.1137004992,0.0000000000,0.4730075679,0.2023161573
0.6130,0.4719677877,0.2013440385,0.2939589790,0.0718669898,0.1116990722,0.0000000000,0.4719677877,0.2013440385
0.6140,0.4709272575,0.2003737755,0.2963105607,0.0731127623,0.1096948648,0.0000000000,0.4709272575,0.2003737755
0.6150,0.4698859763,0.1994053725,0.2986583156,0.0743684218,0.1076878693,0.0000000000,0.4698859763,0.1994053725
0.6160,0.4688439430,0.1984388336,0.3010022560,0.0756339414,0.1056780779,0.0000000000,0.4688439430,0.1984388336
0.6170,0.4678011565,0.1974741629,0.3033423945,0.0769092944,0.1036654828,0.0000000000,0.4678011565,0.1974741629
0.6180,0.4667576157,0.1965113648,0.3056787432,0.0781944536,0.1016500761,0.0000000000,0.4667576157,0.1965113648
0.6190,0.4657133196,0.1955504434,0.3080113146,0.0794893919,0.0996318500,0.0000000000,0.4657133196,0.1955504434
0.6200,0.4646682670,0.1945914028,0.3103401206,0.0807940820,0.0976107966,0.0000000000,0.4646682670,0.1945914028
0.6210,0.4636224569,0.1936342472,0.3126651736,0.0821084963,0.0955869080,0.0000000000,0.4636224569,0.1936342472
0.6220,0.4625758880,0.1926789809,0.3149864855,0.0834326072,0.0935601762,0.0000000000,0.4625758880,0.1926789809
0.6230,0.4615285595,0.1917256079,0.3173040684,0.0847663870,0.0915305931,0.0000000000,0.4615285595,0.1917256079
0.6240,0.4604804700,0.1907741325,0.3196179342,0.0861098077,0.0894981508,0.0000000000,0.4604804700,0.1907741325
0.6250,0.4594316186,0.1898245589,0.3219280949,0.0874628413,0.0874628413,0.0000000000,0.4594316186,0.1898245589
0.6260,0.4583820042,0.1888768911,0.3242345623,0.0888254595,0.0854246563,0.0000000000,0.4583820042,0.1888768911
0.6270,0.4573316255,0.1879311335,0.3265373481,0.0901976341,0.0833835877,0.0000000000,0.4573316255,0.1879311335
0.6280,0.4562804815,0.1869872900,0.3288364642,0.0915793366,0.0813396275,0.0000000000,0.4562804815,0.1869872900
0.6290,0.4552285711,0.1860453650,0.3311319222,0.0929705383,0.0792927673,0.0000000000,0.4552285711,0.1860453650
0.6300,0.4541758932,0.1851053625,0.3334237337,0.0943712106,0.0772429989,0.0000000000,0.4541758932,0.1851053625
0.6310,0.4531224466,0.1841672868,0.3357119103,0.0957813246,0.0751903142,0.0000000000,0.4531224466,0.1841672868
0.6320,0.4520682302,0.1832311420,0.3379964635,0.0972008512,0.0731347046,0.0000000000,0.4520682302,0.1832311420
0.6330,0.4510132429,0.1822969322,0.3402774048,0.0986297614,0.0710761620,0.0000000000,0.4510132429,0.1822969322
0.6340,0.4499574836,0.1813646616,0.3425547455,0.1000680260,0.0690146779,0.0000000000,0.4499574836,0.1813646616
0.6350,0.4489009511,0.1804343344,0.3448284970,0.1015156155,0.0669502439,0.0000000000,0.4489009511,0.1804343344
0.6360,0.4478436444,0.1795059547,0.3470986706,0.1029725005,0.0648828516,0.0000000000,0.4478436444,0.1795059547
0.6370,0.4467855621,0.1785795266,0.3493652776,0.1044386514,0.0628124924,0.0000000000,0.4467855621,0.1785795266
0.6380,0.4457267033,0.1776550543,0.3516283291,0.1059140385,0.0607391579,0.0000000000,0.4457267033,0.1776550543
0.6390,0.4446670668,0.1767325420,0.3538878363,0.1073986319,0.0586628394,0.0000000000,0.4446670668,0.1767325420
0.6400,0.4436066515,0.1758119937,0.3561438102,0.1088924016,0.0565835284,0.0000000000,0.4436066515,0.1758119937
0.6410,0.4425454561,0.1748934137,0.3583962620,0.1103953177,0.0545012162,0.0000000000,0.4425454561,0.1748934137
0.6420,0.4414834796,0.1739768060,0.3606452025,0.1119073500,0.0524158942,0.0000000000,0.4414834796,0.1739768060
0.6430,0.4404207208,0.1730621748,0.3628906427,0.1134284682,0.0503275536,0.0000000000,0.4404207208,0.1730621748
0.6440,0.4393571785,0.1721495243,0.3651325935,0.1149586418,0.0482361857,0.0000000000,0.4393571785,0.1721495243
0.6450,0.4382928516,0.1712388585,0.3673710656,0.1164978405,0.0461417816,0.0000000000,0.4382928516,0.1712388585
0.6460,0.4372277389,0.1703301815,0.3696060700,0.1180460336,0.0440443327,0.0000000000,0.4372277389,0.1703301815
0.6470,0.4361618393,0.1694234976,0.3718376173,0.1196031904,0.0419438300,0.0000000000,0.4361618393,0.1694234976
0.6480,0.4350951516,0.1685188108,0.3740657182,0.1211692802,0.0398402645,0.0000000000,0.4350951516,0.1685188108
0.6490,0.4340276747,0.1676161252,0.3762903833,0.1227442721,0.0377336274,0.0000000000,0.4340276747,0.1676161252
0.6500,0.4329594073,0.1667154450,0.3785116233,0.1243281350,0.0356239097,0.0000000000,0.4329594073,0.1667154450
0.6510,0.4318903483,0.1658167742,0.3807294485,0.1259208379,0.0335111024,0.0000000000,0.4318903483,0.1658167742
0.6520,0.4308204965,0.1649201170,0.3829438696,0.1275223497,0.0313951963,0.0000000000,0.4308204965,0.1649201170
0.6530,0.4297498508,0.1640254774,0.3851548969,0.1291326391,0.0292761824,0.0000000000,0.4297498508,0.1640254774
0.6540,0.4286784099,0.1631328597,0.3873625408,0.1307516747,0.0271540515,0.0000000000,0.4286784099,0.1631328597
0.6550,0.4276061728,0.1622422677,0.3895668118,0.1323794251,0.0250287945,0.0000000000,0.4276061728,0.1622422677
0.6560,0.4265331381,0.1613537058,0.3917677200,0.1340158587,0.0229004021,0.0000000000,0.4265331381,0.1613537058
0.6570,0.4254593048,0.1604671779,0.3939652757,0.1356609441,0.0207688651,0.0000000000,0.4254593048,0.1604671779
0.6580,0.4243846715,0.1595826882,0.3961594891,0.1373146495,0.0186341741,0.0000000000,0.4243846715,0.1595826882
0.6590,0.4233092372,0.1587002407,0.3983503703,0.1389769431,0.0164963199,0.0000000000,0.4233092372,0.1587002407
0.6600,0.4222330007,0.1578198395,0.4005379296,0.1406477932,0.0143552930,0.0000000000,0.4222330007,0.1578198395
0.6610,0.4211559607,0.1569414887,0.4027221768,0.1423271677,0.0122110840,0.0000000000,0.4211559607,0.1569414887
0.6620,0.4200781160,0.1560651923,0.4049031221,0.1440150347,0.0100636833,0.0000000000,0.4200781160,0.1560651923
0.6630,0.4189994654,0.1551909545,0.4070807755,0.1457113622,0.0079130816,0.0000000000,0.4189994654,0.1551909545
0.6640,0.4179200078,0.1543187793,0.4092551467,0.1474161180,0.0057592693,0.0000000000,0.4179200078,0.1543187793
0.6650,0.4168397419,0.1534486707,0.4114262457,0.1491292699,0.0036022367,0.0000000000,0.4168397419,0.1534486707
0.6660,0.4157586665,0.1525806329,0.4135940824,0.1508507857,0.0014419742,0.0000000000,0.4157586665,0.1525806329
0.6670,0.4146767804,0.1517146699,0.4157586665,0.1525806329,0.0000000000,0.0000000000,0.4146767804,0.1517146699
0.6680,0.4135940824,0.1508507857,0.4179200078,0.1543187793,0.0000000000,0.0000000000,0.4135940824,0.1508507857
0.6690,0.4125105712,0.1499889843,0.4200781160,0.1560651923,0.0000000000,0.0000000000,0.4125105712,0.1499889843
0.6700,0.4114262457,0.1491292699,0.4222330007,0.1578198395,0.0000000000,0.0000000000,0.4114262457,0.1491292699
0.6710,0.4103411046,0.1482716465,0.4243846715,0.1595826882,0.0000000000,0.0000000000,0.4103411046,0.1482716465
0.6720,0.4092551467,0.1474161180,0.4265331381,0.1613537058,0.0000000000,0.0000000000,0.4092551467,0.1474161180
0.6730,0.4081683707,0.1465626886,0.4286784099,0.1631328597,0.0000000000,0.0000000000,0.4081683707,0.1465626886
0.6740,0.4070807755,0.1457113622,0.4308204965,0.1649201170,0.0000000000,0.0000000000,0.4070807755,0.1457113622
0.6750,0.4059923597,0.1448621429,0.4329594073,0.1667154450,0.0000000000,0.0000000000,0.4059923597,0.1448621429
0.6760,0.4049031221,0.1440150347,0.4350951516,0.1685188108,0.0000000000,0.0000000000,0.4049031221,0.1440150347
0.6770,0.4038130616,0.1431700416,0.4372277389,0.1703301815,0.0000000000,0.0000000000,0.4038130616,0.1431700416
0.6780,0.4027221768,0.1423271677,0.4393571785,0.1721495243,0.0000000000,0.0000000000,0.4027221768,0.1423271677
0.6790,0.4016304666,0.1414864169,0.4414834796,0.1739768060,0.0000000000,0.0000000000,0.4016304666,0.1414864169
0.6800,0.4005379296,0.1406477932,0.4436066515,0.1758119937,0.0000000000,0.0000000000,0.4005379296,0.1406477932
0.6810,0.3994445646,0.1398113006,0.4457267033,0.1776550543,0.0000000000,0.0000000000,0.3994445646,0.1398113006
0.6820,0.3983503703,0.1389769431,0.4478436444,0.1795059547,0.0000000000,0.0000000000,0.3983503703,0.1389769431
0.6830,0.3972553456,0.1381447248,0.4499574836,0.1813646616,0.0000000000,0.0000000000,0.3972553456,0.1381447248
0.6840,0.3961594891,0.1373146495,0.4520682302,0.1832311420,0.0000000000,0.0000000000,0.3961594891,0.1373146495
0.6850,0.3950627995,0.1364867213,0.4541758932,0.1851053625,0.0000000000,0.0000000000,0.3950627995,0.1364867213
0.6860,0.3939652757,0.1356609441,0.4562804815,0.1869872900,0.0000000000,0.0000000000,0.3939652757,0.1356609441
0.6870,0.3928669162,0.1348373219,0.4583820042,0.1888768911,0.0000000000,0.0000000000,0.3928669162,0.1348373219
0.6880,0.3917677200,0.1340158587,0.4604804700,0.1907741325,0.0000000000,0.0000000000,0.3917677200,0.1340158587
0.6890,0.3906676856,0.1331965585,0.4625758880,0.1926789809,0.0000000000,0.0000000000,0.3906676856,0.1331965585
0.6900,0.3895668118,0.1323794251,0.4646682670,0.1945914028,0.0000000000,0.0000000000,0.3895668118,0.1323794251
0.6910,0.3884650973,0.1315644625,0.4667576157,0.1965113648,0.0000000000,0.0000000000,0.3884650973,0.1315644625
0.6920,0.3873625408,0.1307516747,0.4688439430,0.1984388336,0.0000000000,0.0000000000,0.3873625408,0.1307516747
0.6930,0.3862591411,0.1299410655,0.4709272575,0.2003737755,0.0000000000,0.0000000000,0.3862591411,0.1299410655
0.6940,0.3851548969,0.1291326391,0.4730075679,0.2023161573,0.0000000000,0.0000000000,0.3851548969,0.1291326391
0.6950,0.3840498068,0.1283263991,0.4750848829,0.2042659453,0.0000000000,0.0000000000,0.3840498068,0.1283263991
0.6960,0.3829438696,0.1275223497,0.4771592112,0.2062231060,0.0000000000,0.0000000000,0.3829438696,0.1275223497
0.6970,0.3818370839,0.1267204947,0.4792305612,0.2081876060,0.0000000000,0.0000000000,0.3818370839,0.1267204947
0.6980,0.3807294485,0.1259208379,0.4812989415,0.2101594116,0.0000000000,0.0000000000,0.3807294485,0.1259208379
0.6990,0.3796209621,0.1251233834,0.4833643607,0.2121384892,0.0000000000,0.0000000000,0.3796209621,0.1251233834
0.7000,0.3785116233,0.1243281350,0.4854268272,0.2141248054,0.0000000000,0.0000000000,0.3785116233,0.1243281350
0.7010,0.3774014308,0.1235350966,0.4874863493,0.2161183264,0.0000000000,0.0000000000,0.3774014308,0.1235350966
0.7020,0.3762903833,0.1227442721,0.4895429356,0.2181190187,0.0000000000,0.0000000000,0.3762903833,0.1227442721
0.7030,0.3751784796,0.1219556653,0.4915965944,0.2201268487,0.0000000000,0.0000000000,0.3751784796,0.1219556653
0.7040,0.3740657182,0.1211692802,0.4936473340,0.2221417828,0.0000000000,0.0000000000,0.3740657182,0.1211692802
0.7050,0.3729520979,0.1203851206,0.4956951626,0.2241637873,0.0000000000,0.0000000000,0.3729520979,0.1203851206
0.7060,0.3718376173,0.1196031904,0.4977400886,0.2261928287,0.0000000000,0.0000000000,0.3718376173,0.1196031904
0.7070,0.3707222751,0.1188234935,0.4997821201,0.2282288732,0.0000000000,0.0000000000,0.3707222751,0.1188234935
0.7080,0.3696060700,0.1180460336,0.5018212654,0.2302718872,0.0000000000,0.0000000000,0.3696060700,0.1180460336
0.7090,0.3684890006,0.1172708147,0.5038575326,0.2323218371,0.0000000000,0.0000000000,0.3684890006,0.1172708147
0.7100,0.3673710656,0.1164978405,0.5058909297,0.2343786893,0.0000000000,0.0000000000,0.3673710656,0.1164978405
0.7110,0.3662522637,0.1157271149,0.5079214650,0.2364424102,0.0000000000,0.0000000000,0.3662522637,0.1157271149
0.7120,0.3651325935,0.1149586418,0.5099491463,0.2385129661,0.0000000000,0.0000000000,0.3651325935,0.1149586418
0.7130,0.3640120536,0.1141924250,0.5119739818,0.2405903233,0.0000000000,0.0000000000,0.3640120536,0.1141924250
0.7140,0.3628906427,0.1134284682,0.5139959794,0.2426744484,0.0000000000,0.0000000000,0.3628906427,0.1134284682
0.7150,0.3617683594,0.1126667753,0.5160151470,0.2447653076,0.0000000000,0.0000000000,0.3617683594,0.1126667753
0.7160,0.3606452025,0.1119073500,0.5180314926,0.2468628674,0.0000000000,0.0000000000,0.3606452025,0.1119073500
0.7170,0.3595211704,0.1111501962,0.5200450240,0.2489670941,0.0000000000,0.0000000000,0.3595211704,0.1111501962
0.7180,0.3583962620,0.1103953177,0.5220557492,0.2510779543,0.0000000000,0.0000000000,0.3583962620,0.1103953177
0.7190,0.3572704757,0.1096427183,0.5240636758,0.2531954144,0.0000000000,0.0000000000,0.3572704757,0.1096427183
0.7200,0.3561438102,0.1088924016,0.5260688117,0.2553194407,0.0000000000,0.0000000000,0.3561438102,0.1088924016
0.7210,0.3550162642,0.1081443716,0.5280711646,0.2574499998,0.0000000000,0.0000000000,0.3550162642,0.1081443716
0.7220,0.3538878363,0.1073986319,0.5300707422,0.2595870582,0.0000000000,0.0000000000,0.3538878363,0.1073986319
0.7230,0.3527585250,0.1066551862,0.5320675523,0.2617305823,0.0000000000,0.0000000000,0.3527585250,0.1066551862
0.7240,0.3516283291,0.1059140385,0.5340616024,0.2638805387,0.0000000000,0.0000000000,0.3516283291,0.1059140385
0.7250,0.3504972471,0.1051751923,0.5360529002,0.2660368940,0.0000000000,0.0000000000,0.3504972471,0.1051751923
0.7260,0.3493652776,0.1044386514,0.5380414533,0.2681996146,0.0000000000,0.0000000000,0.3493652776,0.1044386514
0.7270,0.3482324192,0.1037044196,0.5400272693,0.2703686673,0.0000000000,0.0000000000,0.3482324192,0.1037044196
0.7280,0.3470986706,0.1029725005,0.5420103555,0.2725440185,0.0000000000,0.0000000000,0.3470986706,0.1029725005
0.7290,0.3459640303,0.1022428979,0.5439907197,0.2747256349,0.0000000000,0.0000000000,0.3459640303,0.1022428979
0.7300,0.3448284970,0.1015156155,0.5459683691,0.2769134832,0.0000000000,0.0000000000,0.3448284970,0.1015156155
0.7310,0.3436920692,0.1007906569,0.5479433113,0.2791075302,0.0000000000,0.0000000000,0.3436920692,0.1007906569
0.7320,0.3425547455,0.1000680260,0.5499155536,0.2813077424,0.0000000000,0.0000000000,0.3425547455,0.1000680260
0.7330,0.3414165245,0.0993477262,0.5518851035,0.2835140867,0.0000000000,0.0000000000,0.3414165245,0.0993477262
0.7340,0.3402774048,0.0986297614,0.5538519682,0.2857265298,0.0000000000,0.0000000000,0.3402774048,0.0986297614
0.7350,0.3391373849,0.0979141352,0.5558161551,0.2879450386,0.0000000000,0.0000000000,0.3391373849,0.0979141352
0.7360,0.3379964635,0.0972008512,0.5577776714,0.2901695799,0.0000000000,0.0000000000,0.3379964635,0.0972008512
0.7370,0.3368546391,0.0964899131,0.5597365244,0.2924001206,0.0000000000,0.0000000000,0.3368546391,0.0964899131
0.7380,0.3357119103,0.0957813246,0.5616927214,0.2946366276,0.0000000000,0.0000000000,0.3357119103,0.0957813246
0.7390,0.3345682757,0.0950750892,0.5636462695,0.2968790679,0.0000000000,0.0000000000,0.3345682757,0.0950750892
0.7400,0.3334237337,0.0943712106,0.5655971759,0.2991274084,0.0000000000,0.0000000000,0.3334237337,0.0943712106
0.7410,0.3322782831,0.0936696924,0.5675454476,0.3013816162,0.0000000000,0.0000000000,0.3322782831,0.0936696924
0.7420,0.3311319222,0.0929705383,0.5694910920,0.3036416584,0.0000000000,0.0000000000,0.3311319222,0.0929705383
0.7430,0.3299846498,0.0922737518,0.5714341159,0.3059075020,0.0000000000,0.0000000000,0.3299846498,0.0922737518
0.7440,0.3288364642,0.0915793366,0.5733745264,0.3081791142,0.0000000000,0.0000000000,0.3288364642,0.0915793366
0.7450,0.3276873642,0.0908872961,0.5753123307,0.3104564623,0.0000000000,0.0000000000,0.3276873642,0.0908872961
0.7460,0.3265373481,0.0901976341,0.5772475356,0.3127395134,0.0000000000,0.0000000000,0.3265373481,0.0901976341
0.7470,0.3253864147,0.0895103540,0.5791801481,0.3150282349,0.0000000000,0.0000000000,0.3253864147,0.0895103540
0.7480,0.3242345623,0.0888254595,0.5811101752,0.3173225940,0.0000000000,0.0000000000,0.3242345623,0.0888254595
0.7490,0.3230817895,0.0881429541,0.5830376238,0.3196225582,0.0000000000,0.0000000000,0.3230817895,0.0881429541
0.7500,0.3219280949,0.0874628413,0.5849625007,0.3219280949,0.0000000000,0.0000000000,0.3219280949,0.0874628413
0.7510,0.3207734769,0.0867851246,0.5868848129,0.3242391715,0.0000000000,0.0000000000,0.3207734769,0.0867851246
0.7520,0.3196179342,0.0861098077,0.5888045670,0.3265557556,0.0000000000,0.0000000000,0.3196179342,0.0861098077
0.7530,0.3184614652,0.0854368940,0.5907217700,0.3288778148,0.0000000000,0.0000000000,0.3184614652,0.0854368940
0.7540,0.3173040684,0.0847663870,0.5926364286,0.3312053166,0.0000000000,0.0000000000,0.3173040684,0.0847663870
0.7550,0.3161457423,0.0840982902,0.5945485496,0.3335382288,0.0000000000,0.0000000000,0.3161457423,0.0840982902
0.7560,0.3149864855,0.0834326072,0.5964581396,0.3358765191,0.0000000000,0.0000000000,0.3149864855,0.0834326072
0.7570,0.3138262964,0.0827693414,0.5983652053,0.3382201552,0.0000000000,0.0000000000,0.3138262964,0.0827693414
0.7580,0.3126651736,0.0821084963,0.6002697535,0.3405691051,0.0000000000,0.0000000000,0.3126651736,0.0821084963
0.7590,0.3115031155,0.0814500753,0.6021717908,0.3429233366,0.0000000000,0.0000000000,0.3115031155,0.0814500753
0.7600,0.3103401206,0.0807940820,0.6040713237,0.3452828176,0.0000000000,0.0000000000,0.3103401206,0.0807940820
0.7610,0.3091761875,0.0801405197,0.6059683588,0.3476475162,0.0000000000,0.0000000000,0.3091761875,0.0801405197
0.7620,0.3080113146,0.0794893919,0.6078629028,0.3500174005,0.0000000000,0.0000000000,0.3080113146,0.0794893919
0.7630,0.3068455003,0.0788407021,0.6097549622,0.3523924385,0.0000000000,0.0000000000,0.3068455003,0.0788407021
0.7640,0.3056787432,0.0781944536,0.6116445434,0.3547725985,0.0000000000,0.0000000000,0.3056787432,0.0781944536
0.7650,0.3045110418,0.0775506499,0.6135316529,0.3571578487,0.0000000000,0.0000000000,0.3045110418,0.0775506499
0.7660,0.3033423945,0.0769092944,0.6154162973,0.3595481575,0.0000000000,0.0000000000,0.3033423945,0.0769092944
0.7670,0.3021727997,0.0762703904,0.6172984828,0.3619434931,0.0000000000,0.0000000000,0.3021727997,0.0762703904
0.7680,0.3010022560,0.0756339414,0.6191782161,0.3643438241,0.0000000000,0.0000000000,0.3010022560,0.0756339414
0.7690,0.2998307618,0.0749999508,0.6210555033,0.3667491189,0.0000000000,0.0000000000,0.2998307618,0.0749999508
0.7700,0.2986583156,0.0743684218,0.6229303509,0.3691593461,0.0000000000,0.0000000000,0.2986583156,0.0743684218
0.7710,0.2974849157,0.0737393579,0.6248027653,0.3715744743,0.0000000000,0.0000000000,0.2974849157,0.0737393579
0.7720,0.2963105607,0.0731127623,0.6266727526,0.3739944723,0.0000000000,0.0000000000,0.2963105607,0.0731127623
0.7730,0.2951352490,0.0724886385,0.6285403193,0.3764193087,0.0000000000,0.0000000000,0.2951352490,0.0724886385
0.7740,0.2939589790,0.0718669898,0.6304054715,0.3788489525,0.0000000000,0.0000000000,0.2939589790,0.0718669898
0.7750,0.2927817492,0.0712478195,0.6322682155,0.3812833725,0.0000000000,0.0000000000,0.2927817492,0.0712478195
0.7760,0.2916035580,0.0706311308,0.6341285575,0.3837225377,0.0000000000,0.0000000000,0.2916035580,0.0706311308
0.7770,0.2904244039,0.0700169271,0.6359865037,0.3861664171,0.0000000000,0.0000000000,0.2904244039,0.0700169271
0.7780,0.2892442852,0.0694052117,0.6378420603,0.3886149799,0.0000000000,0.0000000000,0.2892442852,0.0694052117
0.7790,0.2880632003,0.0687959878,0.6396952334,0.3910681952,0.0000000000,0.0000000000,0.2880632003,0.0687959878
0.7800,0.2868811478,0.0681892588,0.6415460291,0.3935260322,0.0000000000,0.0000000000,0.2868811478,0.0681892588
0.7810,0.2856981260,0.0675850278,0.6433944535,0.3959884604,0.0000000000,0.0000000000,0.2856981260,0.0675850278
0.7820,0.2845141332,0.0669832981,0.6452405126,0.3984554490,0.0000000000,0.0000000000,0.2845141332,0.0669832981
0.7830,0.2833291681,0.0663840730,0.6470842126,0.4009269676,0.0000000000,0.0000000000,0.2833291681,0.0663840730
0.7840,0.2821432288,0.0657873557,0.6489255595,0.4034029857,0.0000000000,0.0000000000,0.2821432288,0.0657873557
0.7850,0.2809563138,0.0651931494,0.6507645591,0.4058834729,0.0000000000,0.0000000000,0.2809563138,0.0651931494
0.7860,0.2797684216,0.0646014572,0.6526012176,0.4083683990,0.0000000000,0.0000000000,0.2797684216,0.0646014572
0.7870,0.2785795505,0.0640122825,0.6544355408,0.4108577336,0.0000000000,0.0000000000,0.2785795505,0.0640122825
0.7880,0.2773896988,0.0634256283,0.6562675348,0.4133514466,0.0000000000,0.0000000000,0.2773896988,0.0634256283
0.7890,0.2761988650,0.0628414979,0.6580972054,0.4158495080,0.0000000000,0.0000000000,0.2761988650,0.0628414979
0.7900,0.2750070475,0.0622598945,0.6599245584,0.4183518878,0.0000000000,0.0000000000,0.2750070475,0.0622598945
0.7910,0.2738142446,0.0616808211,0.6617495998,0.4208585560,0.0000000000,0.0000000000,0.2738142446,0.0616808211
0.7920,0.2726204547,0.0611042809,0.6635723354,0.4233694828,0.0000000000,0.0000000000,0.2726204547,0.0611042809
0.7930,0.2714256761,0.0605302770,0.6653927710,0.4258846384,0.0000000000,0.0000000000,0.2714256761,0.0605302770
0.7940,0.2702299072,0.0599588126,0.6672109125,0.4284039931,0.0000000000,0.0000000000,0.2702299072,0.0599588126
0.7950,0.2690331465,0.0593898908,0.6690267655,0.4309275174,0.0000000000,0.0000000000,0.2690331465,0.0593898908
0.7960,0.2678353921,0.0588235147,0.6708403359,0.4334551817,0.0000000000,0.0000000000,0.2678353921,0.0588235147
0.7970,0.2666366425,0.0582596873,0.6726516293,0.4359869566,0.0000000000,0.0000000000,0.2666366425,0.0582596873
0.7980,0.2654368960,0.0576984117,0.6744606516,0.4385228127,0.0000000000,0.0000000000,0.2654368960,0.0576984117
0.7990,0.2642361510,0.0571396911,0.6762674083,0.4410627207,0.0000000000,0.0000000000,0.2642361510,0.0571396911
0.8000,0.2630344058,0.0565835284,0.6780719051,0.4436066515,0.0000000000,0.0000000000,0.2630344058,0.0565835284
0.8010,0.2618316588,0.0560299267,0.6798741477,0.4461545759,0.0000000000,0.0000000000,0.2618316588,0.0560299267
0.8020,0.2606279081,0.0554788890,0.6816741418,0.4487064649,0.0000000000,0.0000000000,0.2606279081,0.0554788890
0.8030,0.2594231523,0.0549304184,0.6834718929,0.4512622895,0.0000000000,0.0000000000,0.2594231523,0.0549304184
0.8040,0.2582173895,0.0543845178,0.6852674065,0.4538220209,0.0000000000,0.0000000000,0.2582173895,0.0543845178
0.8050,0.2570106182,0.0538411903,0.6870606883,0.4563856304,0.0000000000,0.0000000000,0.2570106182,0.0538411903
0.8060,0.2558028366,0.0533004388,0.6888517439,0.4589530891,0.0000000000,0.0000000000,0.2558028366,0.0533004388
0.8070,0.2545940430,0.0527622663,0.6906405786,0.4615243686,0.0000000000,0.0000000000,0.2545940430,0.0527622663
0.8080,0.2533842358,0.0522266758,0.6924271981,0.4640994403,0.0000000000,0.0000000000,0.2533842358,0.0522266758
0.8090,0.2521734132,0.0516936703,0.6942116078,0.4666782758,0.0000000000,0.0000000000,0.2521734132,0.0516936703
0.8100,0.2509615735,0.0511632526,0.6959938131,0.4692608466,0.0000000000,0.0000000000,0.2509615735,0.0511632526
0.8110,0.2497487151,0.0506354257,0.6977738196,0.4718471246,0.0000000000,0.0000000000,0.2497487151,0.0506354257
0.8120,0.2485348361,0.0501101925,0.6995516325,0.4744370816,0.0000000000,0.0000000000,0.2485348361,0.0501101925
0.8130,0.2473199350,0.0495875559,0.7013272574,0.4770306895,0.0000000000,0.0000000000,0.2473199350,0.0495875559
0.8140,0.2461040099,0.0490675189,0.7031006996,0.4796279203,0.0000000000,0.0000000000,0.2461040099,0.0490675189
0.8150,0.2448870591,0.0485500842,0.7048719645,0.4822287461,0.0000000000,0.0000000000,0.2448870591,0.0485500842
0.8160,0.2436690810,0.0480352548,0.7066410573,0.4848331391,0.0000000000,0.0000000000,0.2436690810,0.0480352548
0.8170,0.2424500737,0.0475230334,0.7084079835,0.4874410715,0.0000000000,0.0000000000,0.2424500737,0.0475230334
0.8180,0.2412300355,0.0470134231,0.7101727483,0.4900525157,0.0000000000,0.0000000000,0.2412300355,0.0470134231
0.8190,0.2400089647,0.0465064265,0.7119353570,0.4926674441,0.0000000000,0.0000000000,0.2400089647,0.0465064265
0.8200,0.2387868596,0.0460020465,0.7136958148,0.4952858294,0.0000000000,0.0000000000,0.2387868596,0.0460020465
0.8210,0.2375637183,0.0455002860,0.7154541271,0.4979076440,0.0000000000,0.0000000000,0.2375637183,0.0455002860
0.8220,0.2363395392,0.0450011477,0.7172102990,0.5005328608,0.0000000000,0.0000000000,0.2363395392,0.0450011477
0.8230,0.2351143204,0.0445046343,0.7189643358,0.5031614525,0.0000000000,0.0000000000,0.2351143204,0.0445046343
0.8240,0.2338880602,0.0440107487,0.7207162425,0.5057933921,0.0000000000,0.0000000000,0.2338880602,0.0440107487
0.8250,0.2326607568,0.0435194937,0.7224660245,0.5084286525,0.0000000000,0.0000000000,0.2326607568,0.0435194937
0.8260,0.2314324084,0.0430308719,0.7242136868,0.5110672069,0.0000000000,0.0000000000,0.2314324084,0.0430308719
0.8270,0.2302030134,0.0425448861,0.7259592345,0.5137090283,0.0000000000,0.0000000000,0.2302030134,0.0425448861
0.8280,0.2289725698,0.0420615390,0.7277026728,0.5163540901,0.0000000000,0.0000000000,0.2289725698,0.0420615390
0.8290,0.2277410758,0.0415808333,0.7294440068,0.5190023656,0.0000000000,0.0000000000,0.2277410758,0.0415808333
0.8300,0.2265085298,0.0411027718,0.7311832416,0.5216538283,0.0000000000,0.0000000000,0.2265085298,0.0411027718
0.8310,0.2252749299,0.0406273571,0.7329203821,0.5243084517,0.0000000000,0.0000000000,0.2252749299,0.0406273571
0.8320,0.2240402742,0.0401545919,0.7346554335,0.5269662094,0.0000000000,0.0000000000,0.2240402742,0.0401545919
0.8330,0.2228045610,0.0396844787,0.7363884007,0.5296270753,0.0000000000,0.0000000000,0.2228045610,0.0396844787
0.8340,0.2215677885,0.0392170204,0.7381192888,0.5322910230,0.0000000000,0.0000000000,0.2215677885,0.0392170204
0.8350,0.2203299549,0.0387522195,0.7398481027,0.5349580266,0.0000000000,0.0000000000,0.2203299549,0.0387522195
0.8360,0.2190910582,0.0382900786,0.7415748474,0.5376280600,0.0000000000,0.0000000000,0.2190910582,0.0382900786
0.8370,0.2178510968,0.0378306003,0.7432995279,0.5403010973,0.0000000000,0.0000000000,0.2178510968,0.0378306003
0.8380,0.2166100687,0.0373737872,0.7450221490,0.5429771128,0.0000000000,0.0000000000,0.2166100687,0.0373737872
0.8390,0.2153679722,0.0369196420,0.7467427158,0.5456560808,0.0000000000,0.0000000000,0.2153679722,0.0369196420
0.8400,0.2141248054,0.0364681671,0.7484612330,0.5483379755,0.0000000000,0.0000000000,0.2141248054,0.0364681671
0.8410,0.2128805663,0.0360193651,0.7501777056,0.5510227716,0.0000000000,0.0000000000,0.2128805663,0.0360193651
0.8420,0.2116352533,0.0355732386,0.7518921384,0.5537104435,0.0000000000,0.0000000000,0.2116352533,0.0355732386
0.8430,0.2103888644,0.0351297900,0.7536045363,0.5564009659,0.0000000000,0.0000000000,0.2103888644,0.0351297900
0.8440,0.2091413978,0.0346890220,0.7553149040,0.5590943137,0.0000000000,0.0000000000,0.2091413978,0.0346890220
0.8450,0.2078928516,0.0342509370,0.7570232465,0.5617904617,0.0000000000,0.0000000000,0.2078928516,0.0342509370
0.8460,0.2066432240,0.0338155374,0.7587295685,0.5644893847,0.0000000000,0.0000000000,0.2066432240,0.0338155374
0.8470,0.2053925130,0.0333828258,0.7604338747,0.5671910580,0.0000000000,0.0000000000,0.2053925130,0.0333828258
0.8480,0.2041407168,0.0329528046,0.7621361699,0.5698954565,0.0000000000,0.0000000000,0.2041407168,0.0329528046
0.8490,0.2028878335,0.0325254762,0.7638364589,0.5726025557,0.0000000000,0.0000000000,0.2028878335,0.0325254762
0.8500,0.2016338612,0.0321008432,0.7655347464,0.5753123307,0.0000000000,0.0000000000,0.2016338612,0.0321008432
0.8510,0.2003787980,0.0316789078,0.7672310370,0.5780247570,0.0000000000,0.0000000000,0.2003787980,0.0316789078
0.8520,0.1991226420,0.0312596726,0.7689253356,0.5807398102,0.0000000000,0.0000000000,0.1991226420,0.0312596726
0.8530,0.1978653914,0.0308431398,0.7706176467,0.5834574659,0.0000000000,0.0000000000,0.1978653914,0.0308431398
0.8540,0.1966070441,0.0304293120,0.7723079750,0.5861776998,0.0000000000,0.0000000000,0.1966070441,0.0304293120
0.8550,0.1953475983,0.0300181913,0.7739963251,0.5889004877,0.0000000000,0.0000000000,0.1953475983,0.0300181913
0.8560,0.1940870521,0.0296097803,0.7756827017,0.5916258055,0.0000000000,0.0000000000,0.1940870521,0.0296097803
0.8570,0.1928254036,0.0292040812,0.7773671095,0.5943536292,0.0000000000,0.0000000000,0.1928254036,0.0292040812
0.8580,0.1915626507,0.0288010963,0.7790495528,0.5970839350,0.0000000000,0.0000000000,0.1915626507,0.0288010963
0.8590,0.1902987916,0.0284008280,0.7807300365,0.5998166990,0.0000000000,0.0000000000,0.1902987916,0.0284008280
0.8600,0.1890338244,0.0280032785,0.7824085649,0.6025518975,0.0000000000,0.0000000000,0.1890338244,0.0280032785
0.8610,0.1877677470,0.0276084501,0.7840851427,0.6052895069,0.0000000000,0.0000000000,0.1877677470,0.0276084501
0.8620,0.1865005576,0.0272163451,0.7857597744,0.6080295037,0.0000000000,0.0000000000,0.1865005576,0.0272163451
0.8630,0.1852322542,0.0268269658,0.7874324645,0.6107718644,0.0000000000,0.0000000000,0.1852322542,0.0268269658
0.8640,0.1839628348,0.0264403143,0.7891032175,0.6135165658,0.0000000000,0.0000000000,0.1839628348,0.0264403143
0.8650,0.1826922975,0.0260563930,0.7907720379,0.6162635847,0.0000000000,0.0000000000,0.1826922975,0.0260563930
0.8660,0.1814206403,0.0256752039,0.7924389301,0.6190128978,0.0000000000,0.0000000000,0.1814206403,0.0256752039
0.8670,0.1801478612,0.0252967493,0.7941038986,0.6217644822,0.0000000000,0.0000000000,0.1801478612,0.0252967493
0.8680,0.1788739582,0.0249210314,0.7957669478,0.6245183148,0.0000000000,0.0000000000,0.1788739582,0.0249210314
0.8690,0.1775989293,0.0245480524,0.7974280822,0.6272743730,0.0000000000,0.0000000000,0.1775989293,0.0245480524
0.8700,0.1763227726,0.0241778143,0.7990873061,0.6300326339,0.0000000000,0.0000000000,0.1763227726,0.0241778143
0.8710,0.1750454861,0.0238103194,0.8007446239,0.6327930749,0.0000000000,0.0000000000,0.1750454861,0.0238103194
0.8720,0.1737670677,0.0234455697,0.8024000401,0.6355556733,0.0000000000,0.0000000000,0.1737670677,0.0234455697
0.8730,0.1724875155,0.0230835673,0.8040535590,0.6383204069,0.0000000000,0.0000000000,0.1724875155,0.0230835673
0.8740,0.1712068274,0.0227243144,0.8057051848,0.6410872531,0.0000000000,0.0000000000,0.1712068274,0.0227243144
0.8750,0.1699250014,0.0223678130,0.8073549221,0.6438561898,0.0000000000,0.0000000000,0.1699250014,0.0223678130
0.8760,0.1686420356,0.0220140652,0.8090027749,0.6466271947,0.0000000000,0.0000000000,0.1686420356,0.0220140652
0.8770,0.1673579277,0.0216630731,0.8106487478,0.6494002458,0.0000000000,0.0000000000,0.1673579277,0.0216630731
0.8780,0.1660726759,0.0213148386,0.8122928449,0.6521753211,0.0000000000,0.0000000000,0.1660726759,0.0213148386
0.8790,0.1647862781,0.0209693637,0.8139350705,0.6549523987,0.0000000000,0.0000000000,0.1647862781,0.0209693637
0.8800,0.1634987323,0.0206266506,0.8155754289,0.6577314568,0.0000000000,0.0000000000,0.1634987323,0.0206266506
0.8810,0.1622100363,0.0202867011,0.8172139243,0.6605124738,0.0000000000,0.0000000000,0.1622100363,0.0202867011
0.8820,0.1609201882,0.0199495173,0.8188505609,0.6632954280,0.0000000000,0.0000000000,0.1609201882,0.0199495173
0.8830,0.1596291858,0.0196151011,0.8204853430,0.6660802979,0.0000000000,0.0000000000,0.1596291858,0.0196151011
0.8840,0.1583370272,0.0192834544,0.8221182747,0.6688670621,0.0000000000,0.0000000000,0.1583370272,0.0192834544
0.8850,0.1570437101,0.0189545792,0.8237493603,0.6716556994,0.0000000000,0.0000000000,0.1570437101,0.0189545792
0.8860,0.1557492327,0.0186284774,0.8253786039,0.6744461884,0.0000000000,0.0000000000,0.1557492327,0.0186284774
0.8870,0.1544535927,0.0183051509,0.8270060096,0.6772385081,0.0000000000,0.0000000000,0.1544535927,0.0183051509
0.8880,0.1531567881,0.0179846015,0.8286315817,0.6800326374,0.0000000000,0.0000000000,0.1531567881,0.0179846015
0.8890,0.1518588167,0.0176668312,0.8302553242,0.6828285554,0.0000000000,0.0000000000,0.1518588167,0.0176668312
0.8900,0.1505596766,0.0173518418,0.8318772412,0.6856262413,0.0000000000,0.0000000000,0.1505596766,0.0173518418
0.8910,0.1492593655,0.0170396351,0.8334973369,0.6884256742,0.0000000000,0.0000000000,0.1492593655,0.0170396351
0.8920,0.1479578814,0.0167302129,0.8351156153,0.6912268337,0.0000000000,0.0000000000,0.1479578814,0.0167302129
0.8930,0.1466552221,0.0164235771,0.8367320805,0.6940296990,0.0000000000,0.0000000000,0.1466552221,0.0164235771
0.8940,0.1453513856,0.0161197295,0.8383467365,0.6968342498,0.0000000000,0.0000000000,0.1453513856,0.0161197295
0.8950,0.1440463696,0.0158186718,0.8399595875,0.6996404657,0.0000000000,0.0000000000,0.1440463696,0.0158186718
0.8960,0.1427401721,0.0155204057,0.8415706374,0.7024483264,0.0000000000,0.0000000000,0.1427401721,0.0155204057
0.8970,0.1414327909,0.0152249331,0.8431798903,0.7052578117,0.0000000000,0.0000000000,0.1414327909,0.0152249331
0.8980,0.1401242239,0.0149322556,0.8447873501,0.7080689015,0.0000000000,0.0000000000,0.1401242239,0.0149322556
0.8990,0.1388144689,0.0146423750,0.8463930209,0.7108815758,0.0000000000,0.0000000000,0.1388144689,0.0146423750
0.9000,0.1375035237,0.0143552930,0.8479969066,0.7136958148,0.0000000000,0.0000000000,0.1375035237,0.0143552930
0.9010,0.1361913863,0.0140710112,0.8495990112,0.7165115987,0.0000000000,0.0000000000,0.1361913863,0.0140710112
0.9020,0.1348780543,0.0137895313,0.8511993386,0.7193289076,0.0000000000,0.0000000000,0.1348780543,0.0137895313
0.9030,0.1335635257,0.0135108550,0.8527978928,0.7221477221,0.0000000000,0.0000000000,0.1335635257,0.0135108550
0.9040,0.1322477983,0.0132349839,0.8543946778,0.7249680225,0.0000000000,0.0000000000,0.1322477983,0.0132349839
0.9050,0.1309308698,0.0129619197,0.8559896973,0.7277897895,0.0000000000,0.0000000000,0.1309308698,0.0129619197
0.9060,0.1296127381,0.0126916638,0.8575829554,0.7306130036,0.0000000000,0.0000000000,0.1296127381,0.0126916638
0.9070,0.1282934010,0.0124242180,0.8591744559,0.7334376457,0.0000000000,0.0000000000,0.1282934010,0.0124242180
0.9080,0.1269728563,0.0121595838,0.8607642026,0.7362636966,0.0000000000,0.0000000000,0.1269728563,0.0121595838
0.9090,0.1256511017,0.0118977627,0.8623521995,0.7390911372,0.0000000000,0.0000000000,0.1256511017,0.0118977627
0.9100,0.1243281350,0.0116387562,0.8639384504,0.7419199485,0.0000000000,0.0000000000,0.1243281350,0.0116387562
0.9110,0.1230039541,0.0113825660,0.8655229591,0.7447501117,0.0000000000,0.0000000000,0.1230039541,0.0113825660
0.9120,0.1216785566,0.0111291936,0.8671057295,0.7475816079,0.0000000000,0.0000000000,0.1216785566,0.0111291936
0.9130,0.1203519404,0.0108786403,0.8686867653,0.7504144185,0.0000000000,0.0000000000,0.1203519404,0.0108786403
0.9140,0.1190241031,0.0106309077,0.8702660704,0.7532485249,0.0000000000,0.0000000000,0.1190241031,0.0106309077
0.9150,0.1176950427,0.0103859973,0.8718436485,0.7560839085,0.0000000000,0.0000000000,0.1176950427,0.0103859973
0.9160,0.1163647567,0.0101439104,0.8734195034,0.7589205509,0.0000000000,0.0000000000,0.1163647567,0.0101439104
0.9170,0.1150332429,0.0099046486,0.8749936389,0.7617584338,0.0000000000,0.0000000000,0.1150332429,0.0099046486
0.9180,0.1137004992,0.0096682132,0.8765660588,0.7645975389,0.0000000000,0.0000000000,0.1137004992,0.0096682132
0.9190,0.1123665231,0.0094346057,0.8781367666,0.7674378480,0.0000000000,0.0000000000,0.1123665231,0.0094346057
0.9200,0.1110313124,0.0092038273,0.8797057663,0.7702793432,0.0000000000,0.0000000000,0.1110313124,0.0092038273
0.9210,0.1096948648,0.0089758796,0.8812730614,0.7731220064,0.0000000000,0.0000000000,0.1096948648,0.0089758796
0.9220,0.1083571781,0.0087507637,0.8828386558,0.7759658197,0.0000000000,0.0000000000,0.1083571781,0.0087507637
0.9230,0.1070182499,0.0085284811,0.8844025530,0.7788107654,0.0000000000,0.0000000000,0.1070182499,0.0085284811
0.9240,0.1056780779,0.0083090331,0.8859647568,0.7816568256,0.0000000000,0.0000000000,0.1056780779,0.0083090331
0.9250,0.1043366598,0.0080924209,0.8875252707,0.7845039829,0.0000000000,0.0000000000,0.1043366598,0.0080924209
0.9260,0.1029939933,0.0078786459,0.8890840986,0.7873522197,0.0000000000,0.0000000000,0.1029939933,0.0078786459
0.9270,0.1016500761,0.0076677094,0.8906412440,0.7902015185,0.0000000000,0.0000000000,0.1016500761,0.0076677094
0.9280,0.1003049058,0.0074596124,0.8921967105,0.7930518619,0.0000000000,0.0000000000,0.1003049058,0.0074596124
0.9290,0.0989584801,0.0072543564,0.8937505017,0.7959032328,0.0000000000,0.0000000000,0.0989584801,0.0072543564
0.9300,0.0976107966,0.0070519425,0.8953026213,0.7987556139,0.0000000000,0.0000000000,0.0976107966,0.0070519425
0.9310,0.0962618531,0.0068523719,0.8968530729,0.8016089882,0.0000000000,0.0000000000,0.0962618531,0.0068523719
0.9320,0.0949116470,0.0066556458,0.8984018600,0.8044633385,0.0000000000,0.0000000000,0.0949116470,0.0066556458
0.9330,0.0935601762,0.0064617654,0.8999489862,0.8073186481,0.0000000000,0.0000000000,0.0935601762,0.0064617654
0.9340,0.0922074381,0.0062707318,0.9014944550,0.8101749001,0.0000000000,0.0000000000,0.0922074381,0.0062707318
0.9350,0.0908534305,0.0060825462,0.9030382701,0.8130320777,0.0000000000,0.0000000000,0.0908534305,0.0060825462
0.9360,0.0894981508,0.0058972096,0.9045804349,0.8158901644,0.0000000000,0.0000000000,0.0894981508,0.0058972096
0.9370,0.0881415969,0.0057147232,0.9061209530,0.8187491434,0.0000000000,0.0000000000,0.0881415969,0.0057147232
0.9380,0.0867837661,0.0055350881,0.9076598279,0.8216089984,0.0000000000,0.0000000000,0.0867837661,0.0055350881
0.9390,0.0854246563,0.0053583053,0.9091970630,0.8244697129,0.0000000000,0.0000000000,0.0854246563,0.0053583053
0.9400,0.0840642648,0.0051843759,0.9107326619,0.8273312706,0.0000000000,0.0000000000,0.0840642648,0.0051843759
0.9410,0.0827025893,0.0050133008,0.9122666281,0.8301936553,0.0000000000,0.0000000000,0.0827025893,0.0050133008
0.9420,0.0813396275,0.0048450813,0.9137989650,0.8330568509,0.0000000000,0.0000000000,0.0813396275,0.0048450813
0.9430,0.0799753767,0.0046797181,0.9153296760,0.8359208413,0.0000000000,0.0000000000,0.0799753767,0.0046797181
0.9440,0.0786098347,0.0045172124,0.9168587647,0.8387856105,0.0000000000,0.0000000000,0.0786098347,0.0045172124
0.9450,0.0772429989,0.0043575650,0.9183862344,0.8416511427,0.0000000000,0.0000000000,0.0772429989,0.0043575650
0.9460,0.0758748670,0.0042007770,0.9199120887,0.8445174220,0.0000000000,0.0000000000,0.0758748670,0.0042007770
0.9470,0.0745054364,0.0040468492,0.9214363308,0.8473844327,0.0000000000,0.0000000000,0.0745054364,0.0040468492
0.9480,0.0731347046,0.0038957827,0.9229589642,0.8502521591,0.0000000000,0.0000000000,0.0731347046,0.0038957827
0.9490,0.0717626693,0.0037475782,0.9244799924,0.8531205859,0.0000000000,0.0000000000,0.0717626693,0.0037475782
0.9500,0.0703893279,0.0036022367,0.9259994186,0.8559896973,0.0000000000,0.0000000000,0.0703893279,0.0036022367
0.9510,0.0690146779,0.0034597590,0.9275172462,0.8588594781,0.0000000000,0.0000000000,0.0690146779,0.0034597590
0.9520,0.0676387169,0.0033201460,0.9290334786,0.8617299130,0.0000000000,0.0000000000,0.0676387169,0.0033201460
0.9530,0.0662614423,0.0031833986,0.9305481192,0.8646009868,0.0000000000,0.0000000000,0.0662614423,0.0031833986
0.9540,0.0648828516,0.0030495175,0.9320611713,0.8674726842,0.0000000000,0.0000000000,0.0648828516,0.0030495175
0.9550,0.0635029423,0.0029185035,0.9335726383,0.8703449903,0.0000000000,0.0000000000,0.0635029423,0.0029185035
0.9560,0.0621217119,0.0027903574,0.9350825233,0.8732178900,0.0000000000,0.0000000000,0.0621217119,0.0027903574
0.9570,0.0607391579,0.0026650800,0.9365908298,0.8760913686,0.0000000000,0.0000000000,0.0607391579,0.0026650800
0.9580,0.0593552776,0.0025426721,0.9380975611,0.8789654111,0.0000000000,0.0000000000,0.0593552776,0.0025426721
0.9590,0.0579700686,0.0024231343,0.9396027204,0.8818400028,0.0000000000,0.0000000000,0.0579700686,0.0024231343
0.9600,0.0565835284,0.0023064674,0.9411063109,0.8847151291,0.0000000000,0.0000000000,0.0565835284,0.0023064674
0.9610,0.0551956542,0.0021926721,0.9426083361,0.8875907754,0.0000000000,0.0000000000,0.0551956542,0.0021926721
0.9620,0.0538064437,0.0020817490,0.9441087991,0.8904669272,0.0000000000,0.0000000000,0.0538064437,0.0020817490
0.9630,0.0524158942,0.0019736988,0.9456077032,0.8933435702,0.0000000000,0.0000000000,0.0524158942,0.0019736988
0.9640,0.0510240030,0.0018685222,0.9471050516,0.8962206899,0.0000000000,0.0000000000,0.0510240030,0.0018685222
0.9650,0.0496307677,0.0017662198,0.9486008475,0.8990982721,0.0000000000,0.0000000000,0.0496307677,0.0017662198
0.9660,0.0482361857,0.0016667922,0.9500950942,0.9019763027,0.0000000000,0.0000000000,0.0482361857,0.0016667922
0.9670,0.0468402542,0.0015702401,0.9515877948,0.9048547675,0.0000000000,0.0000000000,0.0468402542,0.0015702401
0.9680,0.0454429708,0.0014765639,0.9530789526,0.9077336526,0.0000000000,0.0000000000,0.0454429708,0.0014765639
0.9690,0.0440443327,0.0013857642,0.9545685708,0.9106129439,0.0000000000,0.0000000000,0.0440443327,0.0013857642
0.9700,0.0426443374,0.0012978416,0.9560566524,0.9134926278,0.0000000000,0.0000000000,0.0426443374,0.0012978416
0.9710,0.0412429822,0.0012127966,0.9575432008,0.9163726902,0.0000000000,0.0000000000,0.0412429822,0.0012127966
0.9720,0.0398402645,0.0011306298,0.9590282189,0.9192531176,0.0000000000,0.0000000000,0.0398402645,0.0011306298
0.9730,0.0384361817,0.0010513415,0.9605117101,0.9221338964,0.0000000000,0.0000000000,0.0384361817,0.0010513415
0.9740,0.0370307309,0.0009749324,0.9619936774,0.9250150129,0.0000000000,0.0000000000,0.0370307309,0.0009749324
0.9750,0.0356239097,0.0009014027,0.9634741240,0.9278964537,0.0000000000,0.0000000000,0.0356239097,0.0009014027
0.9760,0.0342157153,0.0008307531,0.9649530529,0.9307782055,0.0000000000,0.0000000000,0.0342157153,0.0008307531
0.9770,0.0328061451,0.0007629839,0.9664304673,0.9336602548,0.0000000000,0.0000000000,0.0328061451,0.0007629839
0.9780,0.0313951963,0.0006980955,0.9679063703,0.9365425884,0.0000000000,0.0000000000,0.0313951963,0.0006980955
0.9790,0.0299828662,0.0006360883,0.9693807649,0.9394251933,0.0000000000,0.0000000000,0.0299828662,0.0006360883
0.9800,0.0285691522,0.0005769626,0.9708536543,0.9423080562,0.0000000000,0.0000000000,0.0285691522,0.0005769626
0.9810,0.0271540515,0.0005207189,0.9723250416,0.9451911641,0.0000000000,0.0000000000,0.0271540515,0.0005207189
0.9820,0.0257375614,0.0004673575,0.9737949297,0.9480745042,0.0000000000,0.0000000000,0.0257375614,0.0004673575
0.9830,0.0243196792,0.0004168786,0.9752633217,0.9509580635,0.0000000000,0.0000000000,0.0243196792,0.0004168786
0.9840,0.0229004021,0.0003692827,0.9767302207,0.9538418292,0.0000000000,0.0000000000,0.0229004021,0.0003692827
0.9850,0.0214797274,0.0003245699,0.9781956297,0.9567257887,0.0000000000,0.0000000000,0.0214797274,0.0003245699
0.9860,0.0200576523,0.0002827405,0.9796595517,0.9596099293,0.0000000000,0.0000000000,0.0200576523,0.0002827405
0.9870,0.0186341741,0.0002437949,0.9811219898,0.9624942383,0.0000000000,0.0000000000,0.0186341741,0.0002437949
0.9880,0.0172092900,0.0002077331,0.9825829469,0.9653787034,0.0000000000,0.0000000000,0.0172092900,0.0002077331
0.9890,0.0157829972,0.0001745555,0.9840424261,0.9682633120,0.0000000000,0.0000000000,0.0157829972,0.0001745555
0.9900,0.0143552930,0.0001442623,0.9855004303,0.9711480519,0.0000000000,0.0000000000,0.0143552930,0.0001442623
0.9910,0.0129261744,0.0001168536,0.9869569625,0.9740329106,0.0000000000,0.0000000000,0.0129261744,0.0001168536
0.9920,0.0114956388,0.0000923295,0.9884120257,0.9769178761,0.0000000000,0.0000000000,0.0114956388,0.0000923295
0.9930,0.0100636833,0.0000706903,0.9898656229,0.9798029362,0.0000000000,0.0000000000,0.0100636833,0.0000706903
0.9940,0.0086303051,0.0000519361,0.9913177569,0.9826880788,0.0000000000,0.0000000000,0.0086303051,0.0000519361
0.9950,0.0071955014,0.0000360669,0.9927684308,0.9855732919,0.0000000000,0.0000000000,0.0071955014,0.0000360669
0.9960,0.0057592693,0.0000230829,0.9942176474,0.9884585635,0.0000000000,0.0000000000,0.0057592693,0.0000230829
0.9970,0.0043216060,0.0000129842,0.9956654097,0.9913438819,0.0000000000,0.0000000000,0.0043216060,0.0000129842
0.9980,0.0028825085,0.0000057708,0.9971117207,0.9942292353,0.0000000000,0.0000000000,0.0028825085,0.0000057708
0.9990,0.0014419742,0.0000014427,0.9985565831,0.9971146118,0.0000000000,0.0000000000,0.0014419742,0.0000014427
1.0000,0.0000000000,0.0000000000,1.0000000000,1.0000000000,0.0000000000,0.0000000000,0.0000000000,0.0000000000
